ID,Description,GeneRatio,BgRatio,RichFactor,FoldEnrichment,zScore,pvalue,p.adjust,qvalue,geneID,Count,Trimester,Group
GO:0005126,cytokine receptor binding,69/574,277/18737,0.2490974729241877,8.131253223310985,21.256437876786435,3.72936131893965e-43,1.247471361185313e-40,9.539313689498263e-41,CNTF/IL12RB1/CD70/TGFB3/CCL8/XCL1/CCL24/TNFSF4/TNF/NTF4/IL10/CSF1/CCL5/JAK2/IL13/SHC1/IL4/TNFSF15/IL7/CCL20/CCL7/PPBP/EFNA5/CCL13/IFNA2/IL11/AMH/TGFBR3/CCL2/IL25/TGFB2/VEGFA/NTRK1/BDNF/IFNG/NGF/CXCL5/TYK2/CSF3/IL6/IL1B/TNFSF13B/FASLG/TNFSF8/TNFSF18/LTA/EDA/CDH5/LIFR/NTF3/ENG/VEGFC/CD40LG/TSLP/TGFBR2/IFNL1/IL23R/CCL21/CCL3L1/IL34/CXCL16/TNFSF11/IL37/IL22/CCL1/MIF/OSM/CX3CL1/CCL16,69,Third,Control
GO:0005126,cytokine receptor binding,69/574,277/18737,0.2490974729241877,8.131253223310985,21.256437876786435,3.72936131893965e-43,1.247471361185313e-40,9.539313689498263e-41,CNTF/IL12RB1/CD70/TGFB3/CCL8/XCL1/CCL24/TNFSF4/TNF/NTF4/IL10/CSF1/CCL5/JAK2/IL13/SHC1/IL4/TNFSF15/IL7/CCL20/CCL7/PPBP/EFNA5/CCL13/IFNA2/IL11/AMH/TGFBR3/CCL2/IL25/TGFB2/VEGFA/NTRK1/BDNF/IFNG/NGF/CXCL5/TYK2/CSF3/IL6/IL1B/TNFSF13B/FASLG/TNFSF8/TNFSF18/LTA/EDA/CDH5/LIFR/NTF3/ENG/VEGFC/CD40LG/TSLP/TGFBR2/IFNL1/IL23R/CCL21/CCL3L1/IL34/CXCL16/TNFSF11/IL37/IL22/CCL1/MIF/OSM/CX3CL1/CCL16,69,Third,sPTD
GO:0005125,cytokine activity,65/574,238/18737,0.27310924369747897,8.915066026410564,21.84587719469587,2.137673636159462e-43,1.247471361185313e-40,9.539313689498263e-41,IL17B/CNTF/IFNL2/TGFB3/WNT7A/CCL8/XCL1/CCL24/TNFSF4/IL17A/TNF/IL10/CSF1/CCL5/IL17D/IL13/IL4/TNFSF15/IL7/CCL20/FLT3LG/CCL7/PPBP/CCL13/IFNA2/IL11/IFNL4/CCL2/IL25/AREG/TGFB2/VEGFA/IFNG/CXCL5/CSF3/IL6/IL1B/TNFSF13B/FASLG/BMP6/TNFSF8/TNFSF18/LTA/GDF9/EDA/IL19/CD40LG/TSLP/IFNL1/AIMP1/CCL21/GDF11/CCL3L1/IL34/CXCL16/TNFSF11/IL37/IL22/CCL1/MIF/OSM/CX3CL1/GRN/CCL16/TNFRSF11B,65,Third,Control
GO:0005125,cytokine activity,65/574,238/18737,0.27310924369747897,8.915066026410564,21.84587719469587,2.137673636159462e-43,1.247471361185313e-40,9.539313689498263e-41,IL17B/CNTF/IFNL2/TGFB3/WNT7A/CCL8/XCL1/CCL24/TNFSF4/IL17A/TNF/IL10/CSF1/CCL5/IL17D/IL13/IL4/TNFSF15/IL7/CCL20/FLT3LG/CCL7/PPBP/CCL13/IFNA2/IL11/IFNL4/CCL2/IL25/AREG/TGFB2/VEGFA/IFNG/CXCL5/CSF3/IL6/IL1B/TNFSF13B/FASLG/BMP6/TNFSF8/TNFSF18/LTA/GDF9/EDA/IL19/CD40LG/TSLP/IFNL1/AIMP1/CCL21/GDF11/CCL3L1/IL34/CXCL16/TNFSF11/IL37/IL22/CCL1/MIF/OSM/CX3CL1/GRN/CCL16/TNFRSF11B,65,Third,sPTD
GO:0008083,growth factor activity,49/574,162/18737,0.30246913580246915,9.873456790123457,20.164456855796917,3.308715485799175e-35,7.37843553333216e-33,5.64223061788912e-33,FGF18/CNTF/FGF1/FGF17/FGF12/TGFB3/PROK1/FGF9/PSPN/PDGFB/NTF4/IL10/CSF1/FGF5/FGF20/IL4/IL7/FGF10/PDGFC/PPBP/IGF1/IL11/FGF8/AMH/ARTN/FGF16/JAG2/DKK1/AREG/TGFB2/VEGFA/BDNF/NGF/CSF3/IL6/FGF7/BMP6/HBEGF/GDF9/NTF3/VEGFC/FGF6/MIA/FGF4/GDF11/AGT/IL34/OSM/GRN,49,Third,Control
GO:0008083,growth factor activity,49/574,162/18737,0.30246913580246915,9.873456790123457,20.164456855796917,3.308715485799175e-35,7.37843553333216e-33,5.64223061788912e-33,FGF18/CNTF/FGF1/FGF17/FGF12/TGFB3/PROK1/FGF9/PSPN/PDGFB/NTF4/IL10/CSF1/FGF5/FGF20/IL4/IL7/FGF10/PDGFC/PPBP/IGF1/IL11/FGF8/AMH/ARTN/FGF16/JAG2/DKK1/AREG/TGFB2/VEGFA/BDNF/NGF/CSF3/IL6/FGF7/BMP6/HBEGF/GDF9/NTF3/VEGFC/FGF6/MIA/FGF4/GDF11/AGT/IL34/OSM/GRN,49,Third,sPTD
GO:0004175,endopeptidase activity,43/574,404/18737,0.10643564356435643,3.4743635077793495,8.937951813269308,1.1806162591645563e-12,3.949161386905441e-11,3.019892115547234e-11,ADAMTS15/TMPRSS15/ADAMTS5/KLK4/GZMB/MMP16/GZMH/TPSG1/PROC/HTRA2/ADAMTS4/KLK5/PLG/KLK11/CPNE1/MMP10/PRSS3/CTSG/KLK13/F9/F10/ADAMTS1/FAP/CASP2/CTSE/MMP2/MMP1/CFB/PLAU/MMP3/AZU1/PSMA6/PAPPA/CMA1/C2/ECE1/ACE2/PRSS22/KLK6/CTSS/KLK3/UCHL1/LTF,43,Third,Control
GO:0004175,endopeptidase activity,43/574,404/18737,0.10643564356435643,3.4743635077793495,8.937951813269308,1.1806162591645563e-12,3.949161386905441e-11,3.019892115547234e-11,ADAMTS15/TMPRSS15/ADAMTS5/KLK4/GZMB/MMP16/GZMH/TPSG1/PROC/HTRA2/ADAMTS4/KLK5/PLG/KLK11/CPNE1/MMP10/PRSS3/CTSG/KLK13/F9/F10/ADAMTS1/FAP/CASP2/CTSE/MMP2/MMP1/CFB/PLAU/MMP3/AZU1/PSMA6/PAPPA/CMA1/C2/ECE1/ACE2/PRSS22/KLK6/CTSS/KLK3/UCHL1/LTF,43,Third,sPTD
GO:0004713,protein tyrosine kinase activity,42/574,138/18737,0.30434782608695654,9.934782608695652,18.727479475459457,1.9577522611907758e-30,3.2743406568415727e-28,2.5038621024703083e-28,ABL1/EPHA3/EPHA2/EFNA4/ERBB4/FGFR3/PRKCD/JAK2/ERBB2/MATK/BMX/PTK2/EPHA5/HCK/SRC/ABL2/DYRK3/EPHB4/FGFR2/NTRK1/NRP1/TYK2/PTK6/TYRO3/IGF2R/DDR1/NTRK2/HIPK3/MST1R/MET/TEC/INSR/FYN/YES1/STK16/KDR/FLT3/ZAP70/TIE1/KIT/FLT4/DDR2,42,Third,Control
GO:0004713,protein tyrosine kinase activity,42/574,138/18737,0.30434782608695654,9.934782608695652,18.727479475459457,1.9577522611907758e-30,3.2743406568415727e-28,2.5038621024703083e-28,ABL1/EPHA3/EPHA2/EFNA4/ERBB4/FGFR3/PRKCD/JAK2/ERBB2/MATK/BMX/PTK2/EPHA5/HCK/SRC/ABL2/DYRK3/EPHB4/FGFR2/NTRK1/NRP1/TYK2/PTK6/TYRO3/IGF2R/DDR1/NTRK2/HIPK3/MST1R/MET/TEC/INSR/FYN/YES1/STK16/KDR/FLT3/ZAP70/TIE1/KIT/FLT4/DDR2,42,Third,sPTD
GO:0070851,growth factor receptor binding,39/574,138/18737,0.2826086956521739,9.225155279503104,17.24008668430809,5.593556320886213e-27,7.484178357345754e-25,5.723091309369895e-25,FGF18/CNTF/FGF1/FGF17/IL12RB1/ERBB4/FGF9/PSPN/PDGFB/NRXN1/IL10/JAK2/FGF5/SHC1/FGF20/IL4/AGR2/IL7/FGF10/PDGFC/IL11/FGF8/ARTN/FGF16/AREG/VEGFA/CSF3/IL6/IL1B/FGF7/HBEGF/CDH5/VEGFC/TSLP/FYN/FGF6/IL23R/FGF4/IL37,39,Third,Control
GO:0140375,immune receptor activity,39/574,154/18737,0.2532467532467532,8.266697588126158,16.096821475832073,5.060670065291129e-25,4.836554676685379e-23,3.698474664257878e-23,IL7R/IL12RB1/IL17RD/IL4R/IL1RAPL2/NCR3/KIR2DL4/IL20RA/CD200R1/CD4/KIR3DS1/FCAR/LILRB2/PRLR/IL17RB/IL2RG/GFRA1/IFNGR1/IL22RA1/IL17RC/IL12RB2/IL15RA/IL18RAP/IL10RB/KLRK1/KLRF1/IL11RA/IL1RL2/IL1RAP/GFRA3/IL13RA1/CRLF2/LIFR/IL27RA/IL18R1/EPOR/IL23R/FLT3/IL3RA,39,Third,Control
GO:0070851,growth factor receptor binding,39/574,138/18737,0.2826086956521739,9.225155279503104,17.24008668430809,5.593556320886213e-27,7.484178357345754e-25,5.723091309369895e-25,FGF18/CNTF/FGF1/FGF17/IL12RB1/ERBB4/FGF9/PSPN/PDGFB/NRXN1/IL10/JAK2/FGF5/SHC1/FGF20/IL4/AGR2/IL7/FGF10/PDGFC/IL11/FGF8/ARTN/FGF16/AREG/VEGFA/CSF3/IL6/IL1B/FGF7/HBEGF/CDH5/VEGFC/TSLP/FYN/FGF6/IL23R/FGF4/IL37,39,Third,sPTD
GO:0140375,immune receptor activity,39/574,154/18737,0.2532467532467532,8.266697588126158,16.096821475832073,5.060670065291129e-25,4.836554676685379e-23,3.698474664257878e-23,IL7R/IL12RB1/IL17RD/IL4R/IL1RAPL2/NCR3/KIR2DL4/IL20RA/CD200R1/CD4/KIR3DS1/FCAR/LILRB2/PRLR/IL17RB/IL2RG/GFRA1/IFNGR1/IL22RA1/IL17RC/IL12RB2/IL15RA/IL18RAP/IL10RB/KLRK1/KLRF1/IL11RA/IL1RL2/IL1RAP/GFRA3/IL13RA1/CRLF2/LIFR/IL27RA/IL18R1/EPOR/IL23R/FLT3/IL3RA,39,Third,sPTD
GO:0019955,cytokine binding,35/574,143/18737,0.24475524475524477,7.989510489510489,14.915195835827765,4.85616539813231e-22,3.6097496126116837e-20,2.760346647359419e-20,IL12RB1/TGFB3/WFIKKN1/IL20RA/CD4/TNFRSF14/BMPR2/PRLR/IL2RG/IFNGR1/TNFRSF11A/TGFBR3/IL22RA1/BMPR1A/THBS1/IL12RB2/TNFRSF1B/NBL1/NRP1/TNFRSF1A/CHRDL1/IL11RA/IL13RA1/CRLF2/IL18BP/LIFR/ENG/WFIKKN2/IL27RA/TGFBR2/IL18R1/IL23R/IL3RA/NOG/KIT,35,Third,Control
GO:0004674,protein serine/threonine kinase activity,35/574,429/18737,0.08158508158508158,2.663170163170163,6.195059374334274,1.5427177468614263e-7,2.517263835732425e-6,1.924931514697441e-6,STK17B/PIM1/PLK1/PRKCD/BMPR2/MAPK13/AMHR2/MAPKAPK3/MAPK3/MAPK1/PRKACA/TGFBR3/ACVR1B/DYRK3/CHEK1/BMPR1A/PAK6/TOP1/CAMKK1/PRKCG/AURKA/CAMK2B/CAMK2D/HIPK3/ENG/CAMK2A/PRKCZ/TGFBR2/TBK1/AURKB/STK16/CHEK2/PAK3/MAPK12/DAPK2,35,Third,Control
GO:0019955,cytokine binding,35/574,143/18737,0.24475524475524477,7.989510489510489,14.915195835827765,4.85616539813231e-22,3.6097496126116837e-20,2.760346647359419e-20,IL12RB1/TGFB3/WFIKKN1/IL20RA/CD4/TNFRSF14/BMPR2/PRLR/IL2RG/IFNGR1/TNFRSF11A/TGFBR3/IL22RA1/BMPR1A/THBS1/IL12RB2/TNFRSF1B/NBL1/NRP1/TNFRSF1A/CHRDL1/IL11RA/IL13RA1/CRLF2/IL18BP/LIFR/ENG/WFIKKN2/IL27RA/TGFBR2/IL18R1/IL23R/IL3RA/NOG/KIT,35,Third,sPTD
GO:0004674,protein serine/threonine kinase activity,35/574,429/18737,0.08158508158508158,2.663170163170163,6.195059374334274,1.5427177468614263e-7,2.517263835732425e-6,1.924931514697441e-6,STK17B/PIM1/PLK1/PRKCD/BMPR2/MAPK13/AMHR2/MAPKAPK3/MAPK3/MAPK1/PRKACA/TGFBR3/ACVR1B/DYRK3/CHEK1/BMPR1A/PAK6/TOP1/CAMKK1/PRKCG/AURKA/CAMK2B/CAMK2D/HIPK3/ENG/CAMK2A/PRKCZ/TGFBR2/TBK1/AURKB/STK16/CHEK2/PAK3/MAPK12/DAPK2,35,Third,sPTD
GO:0005539,glycosaminoglycan binding,34/574,246/18737,0.13821138211382114,4.511614401858304,9.85586552625333,1.852829372436498e-13,7.291428530353041e-12,5.5756970588491524e-12,PPIA/FGF1/ADAMTS15/ADAMTS5/FGF12/CCL8/FGF9/FGF10/CCL7/TGFBR3/FGFR2/VEGFA/THBS1/NRP1/CTSG/FGF7/CFH/GPNMB/ADAMTS1/COL23A1/HBEGF/SERPINC1/LAYN/ENG/TGFBR2/AZU1/POSTN/DCN/FGF4/TNFAIP6/BCAN/SPOCK2/LTF/TNFRSF11B,34,Third,Control
GO:0005539,glycosaminoglycan binding,34/574,246/18737,0.13821138211382114,4.511614401858304,9.85586552625333,1.852829372436498e-13,7.291428530353041e-12,5.5756970588491524e-12,PPIA/FGF1/ADAMTS15/ADAMTS5/FGF12/CCL8/FGF9/FGF10/CCL7/TGFBR3/FGFR2/VEGFA/THBS1/NRP1/CTSG/FGF7/CFH/GPNMB/ADAMTS1/COL23A1/HBEGF/SERPINC1/LAYN/ENG/TGFBR2/AZU1/POSTN/DCN/FGF4/TNFAIP6/BCAN/SPOCK2/LTF/TNFRSF11B,34,Third,sPTD
GO:0019199,transmembrane receptor protein kinase activity,31/574,79/18737,0.3924050632911392,12.809222423146474,18.698333321053973,1.1827560333644822e-26,1.3187729772013977e-24,1.008455144237085e-24,EPHA3/EPHA2/EFNA4/ERBB4/FGFR3/BMPR2/ERBB2/AMHR2/EPHA5/TGFBR3/ACVR1B/EPHB4/FGFR2/BMPR1A/NTRK1/NRP1/TYRO3/IGF2R/DDR1/NTRK2/MST1R/MET/ENG/INSR/TGFBR2/KDR/FLT3/TIE1/KIT/FLT4/DDR2,31,Third,Control
GO:0004896,cytokine receptor activity,31/574,97/18737,0.31958762886597936,10.432253313696613,16.556897585713916,1.7344924087639673e-23,1.4504692768288676e-21,1.1091622508674845e-21,IL7R/IL12RB1/IL17RD/IL4R/IL1RAPL2/IL20RA/CD4/PRLR/IL17RB/IL2RG/GFRA1/IFNGR1/IL22RA1/IL17RC/IL12RB2/IL15RA/IL18RAP/IL10RB/IL11RA/IL1RL2/IL1RAP/GFRA3/IL13RA1/CRLF2/LIFR/IL27RA/IL18R1/EPOR/IL23R/FLT3/IL3RA,31,Third,Control
GO:0008236,serine-type peptidase activity,31/574,195/18737,0.15897435897435896,5.189377289377289,10.454158611525276,4.697345748678933e-14,2.4173263891278507e-12,1.8485101488728435e-12,TMPRSS15/KLK4/GZMB/GZMH/TPSG1/PROC/HTRA2/KLK5/PLG/KLK11/MMP10/PRSS3/CTSG/KLK13/F9/F10/FAP/DPP7/MMP2/MMP1/CFB/PLAU/MMP3/AZU1/CMA1/C2/PRSS22/KLK6/CTSS/KLK3/LTF,31,Third,Control
GO:0017171,serine hydrolase activity,31/574,199/18737,0.15577889447236182,5.085068198133524,10.298998719284844,8.294085664517101e-14,3.963388078258529e-12,3.0307711525979783e-12,TMPRSS15/KLK4/GZMB/GZMH/TPSG1/PROC/HTRA2/KLK5/PLG/KLK11/MMP10/PRSS3/CTSG/KLK13/F9/F10/FAP/DPP7/MMP2/MMP1/CFB/PLAU/MMP3/AZU1/CMA1/C2/PRSS22/KLK6/CTSS/KLK3/LTF,31,Third,Control
GO:1901681,sulfur compound binding,31/574,277/18737,0.11191335740072202,3.653171738009283,7.908424853164189,5.189507121657174e-10,1.2399215229959461e-8,9.481580680922506e-9,PPIA/FGF1/ADAMTS15/ADAMTS5/FGF12/HMGCR/CCL8/FGF9/FGF20/FGF10/CCL7/TGFBR3/FGFR2/VEGFA/THBS1/CHST15/NRP1/CTSG/FGF7/CFH/GPNMB/ADAMTS1/COL23A1/HBEGF/SERPINC1/AZU1/POSTN/FGF4/FST/LTF/TNFRSF11B,31,Third,Control
GO:0019199,transmembrane receptor protein kinase activity,31/574,79/18737,0.3924050632911392,12.809222423146474,18.698333321053973,1.1827560333644822e-26,1.3187729772013977e-24,1.008455144237085e-24,EPHA3/EPHA2/EFNA4/ERBB4/FGFR3/BMPR2/ERBB2/AMHR2/EPHA5/TGFBR3/ACVR1B/EPHB4/FGFR2/BMPR1A/NTRK1/NRP1/TYRO3/IGF2R/DDR1/NTRK2/MST1R/MET/ENG/INSR/TGFBR2/KDR/FLT3/TIE1/KIT/FLT4/DDR2,31,Third,sPTD
GO:0004896,cytokine receptor activity,31/574,97/18737,0.31958762886597936,10.432253313696613,16.556897585713916,1.7344924087639673e-23,1.4504692768288676e-21,1.1091622508674845e-21,IL7R/IL12RB1/IL17RD/IL4R/IL1RAPL2/IL20RA/CD4/PRLR/IL17RB/IL2RG/GFRA1/IFNGR1/IL22RA1/IL17RC/IL12RB2/IL15RA/IL18RAP/IL10RB/IL11RA/IL1RL2/IL1RAP/GFRA3/IL13RA1/CRLF2/LIFR/IL27RA/IL18R1/EPOR/IL23R/FLT3/IL3RA,31,Third,sPTD
GO:0008236,serine-type peptidase activity,31/574,195/18737,0.15897435897435896,5.189377289377289,10.454158611525276,4.697345748678933e-14,2.4173263891278507e-12,1.8485101488728435e-12,TMPRSS15/KLK4/GZMB/GZMH/TPSG1/PROC/HTRA2/KLK5/PLG/KLK11/MMP10/PRSS3/CTSG/KLK13/F9/F10/FAP/DPP7/MMP2/MMP1/CFB/PLAU/MMP3/AZU1/CMA1/C2/PRSS22/KLK6/CTSS/KLK3/LTF,31,Third,sPTD
GO:0017171,serine hydrolase activity,31/574,199/18737,0.15577889447236182,5.085068198133524,10.298998719284844,8.294085664517101e-14,3.963388078258529e-12,3.0307711525979783e-12,TMPRSS15/KLK4/GZMB/GZMH/TPSG1/PROC/HTRA2/KLK5/PLG/KLK11/MMP10/PRSS3/CTSG/KLK13/F9/F10/FAP/DPP7/MMP2/MMP1/CFB/PLAU/MMP3/AZU1/CMA1/C2/PRSS22/KLK6/CTSS/KLK3/LTF,31,Third,sPTD
GO:1901681,sulfur compound binding,31/574,277/18737,0.11191335740072202,3.653171738009283,7.908424853164189,5.189507121657174e-10,1.2399215229959461e-8,9.481580680922506e-9,PPIA/FGF1/ADAMTS15/ADAMTS5/FGF12/HMGCR/CCL8/FGF9/FGF20/FGF10/CCL7/TGFBR3/FGFR2/VEGFA/THBS1/CHST15/NRP1/CTSG/FGF7/CFH/GPNMB/ADAMTS1/COL23A1/HBEGF/SERPINC1/AZU1/POSTN/FGF4/FST/LTF/TNFRSF11B,31,Third,sPTD
GO:0019838,growth factor binding,30/574,132/18737,0.22727272727272727,7.4188311688311686,13.156145709780558,4.342117760490048e-18,2.640797074334402e-16,2.0193963938738403e-16,EPHA2/TGFB3/WFIKKN1/PDGFB/FGFR3/BMPR2/ERBB2/SHC1/IL2RG/TGFBR3/ACVR1B/FGFR2/THBS1/NTRK1/NRP1/CHRDL1/ERBB3/IGF2R/IL11RA/IGFBP7/NTRK2/LIFR/ENG/WFIKKN2/INSR/TGFBR2/KDR/FLT3/KIT/FLT4,30,Third,Control
GO:0004252,serine-type endopeptidase activity,30/574,178/18737,0.16853932584269662,5.501605136436598,10.727553930905,2.4421617763544173e-14,1.3615051903175876e-12,1.0411321257089885e-12,TMPRSS15/KLK4/GZMB/GZMH/TPSG1/PROC/HTRA2/KLK5/PLG/KLK11/MMP10/PRSS3/CTSG/KLK13/F9/F10/FAP/MMP2/MMP1/CFB/PLAU/MMP3/AZU1/CMA1/C2/PRSS22/KLK6/CTSS/KLK3/LTF,30,Third,Control
GO:0004857,enzyme inhibitor activity,30/574,410/18737,0.07317073170731707,2.3885017421602788,5.053511531251763,1.0644438833571571e-5,1.2493209788876108e-4,9.553457568080858e-5,GCKR/WFIKKN1/BIRC7/HTRA2/DYNLL1/PEBP1/BIRC5/THBS1/NGF/SERPINA7/SERPINA6/SERPINC1/AHSG/CST3/SLPI/SERPING1/WFIKKN2/ARPP19/TIMP3/CD109/RPS7/AGT/SERPINA4/GPC3/SPOCK1/SPOCK2/SFN/SPINT1/LTF/NCK1,30,Third,Control
GO:0019838,growth factor binding,30/574,132/18737,0.22727272727272727,7.4188311688311686,13.156145709780558,4.342117760490048e-18,2.640797074334402e-16,2.0193963938738403e-16,EPHA2/TGFB3/WFIKKN1/PDGFB/FGFR3/BMPR2/ERBB2/SHC1/IL2RG/TGFBR3/ACVR1B/FGFR2/THBS1/NTRK1/NRP1/CHRDL1/ERBB3/IGF2R/IL11RA/IGFBP7/NTRK2/LIFR/ENG/WFIKKN2/INSR/TGFBR2/KDR/FLT3/KIT/FLT4,30,Third,sPTD
GO:0004252,serine-type endopeptidase activity,30/574,178/18737,0.16853932584269662,5.501605136436598,10.727553930905,2.4421617763544173e-14,1.3615051903175876e-12,1.0411321257089885e-12,TMPRSS15/KLK4/GZMB/GZMH/TPSG1/PROC/HTRA2/KLK5/PLG/KLK11/MMP10/PRSS3/CTSG/KLK13/F9/F10/FAP/MMP2/MMP1/CFB/PLAU/MMP3/AZU1/CMA1/C2/PRSS22/KLK6/CTSS/KLK3/LTF,30,Third,sPTD
GO:0004857,enzyme inhibitor activity,30/574,410/18737,0.07317073170731707,2.3885017421602788,5.053511531251763,1.0644438833571571e-5,1.2493209788876108e-4,9.553457568080858e-5,GCKR/WFIKKN1/BIRC7/HTRA2/DYNLL1/PEBP1/BIRC5/THBS1/NGF/SERPINA7/SERPINA6/SERPINC1/AHSG/CST3/SLPI/SERPING1/WFIKKN2/ARPP19/TIMP3/CD109/RPS7/AGT/SERPINA4/GPC3/SPOCK1/SPOCK2/SFN/SPINT1/LTF/NCK1,30,Third,sPTD
GO:0045296,cadherin binding,28/574,334/18737,0.08383233532934131,2.7365269461077846,5.692604879059986,1.5990891293449003e-6,2.1832461786362008e-5,1.669510884772549e-5,SPTAN1/EPHA2/OLFM4/BSG/DBNL/BMPR2/RTN4/EPS15L1/SRC/CDH6/PAK6/HNRNPK/RAN/PRDX6/DNAJB1/CDH2/CDH5/PTPN11/CDH3/CDH1/EIF5/KRT18/PRDX1/KDR/PTPN1/SFN/NCK1/CDH12,28,Third,Control
GO:0045296,cadherin binding,28/574,334/18737,0.08383233532934131,2.7365269461077846,5.692604879059986,1.5990891293449003e-6,2.1832461786362008e-5,1.669510884772549e-5,SPTAN1/EPHA2/OLFM4/BSG/DBNL/BMPR2/RTN4/EPS15L1/SRC/CDH6/PAK6/HNRNPK/RAN/PRDX6/DNAJB1/CDH2/CDH5/PTPN11/CDH3/CDH1/EIF5/KRT18/PRDX1/KDR/PTPN1/SFN/NCK1/CDH12,28,Third,sPTD
GO:0061134,peptidase regulator activity,27/574,235/18737,0.1148936170212766,3.750455927051672,7.542752833746927,3.8717875817539045e-09,7.08624105901106e-8,5.4187918412074206e-8,WFIKKN1/BIRC7/PEBP1/BIRC5/THBS1/PSME3/NGF/SERPINA7/SERPINA6/SERPINC1/AHSG/CST3/SLPI/SERPING1/PSME1/WFIKKN2/TIMP3/CD109/AGT/SERPINA4/PRSS22/GPC3/CTSS/SPOCK1/SPOCK2/SPINT1/LTF,27,Third,Control
GO:0106310,protein serine kinase activity,27/574,363/18737,0.0743801652892562,2.427981109799292,4.883987148113275,2.1910755804752617e-5,2.3642412311902422e-4,1.8079163533293334e-4,STK17B/PIM1/PLK1/PRKCD/MAPK13/MAPKAPK3/MAPK3/MAPK1/PRKACA/DYRK3/CHEK1/PAK6/CAMKK1/PRKCG/AURKA/CAMK2B/CAMK2D/HIPK3/CAMK2A/PRKCZ/TBK1/AURKB/STK16/CHEK2/PAK3/MAPK12/DAPK2,27,Third,Control
GO:0061134,peptidase regulator activity,27/574,235/18737,0.1148936170212766,3.750455927051672,7.542752833746927,3.8717875817539045e-09,7.08624105901106e-8,5.4187918412074206e-8,WFIKKN1/BIRC7/PEBP1/BIRC5/THBS1/PSME3/NGF/SERPINA7/SERPINA6/SERPINC1/AHSG/CST3/SLPI/SERPING1/PSME1/WFIKKN2/TIMP3/CD109/AGT/SERPINA4/PRSS22/GPC3/CTSS/SPOCK1/SPOCK2/SPINT1/LTF,27,Third,sPTD
GO:0106310,protein serine kinase activity,27/574,363/18737,0.0743801652892562,2.427981109799292,4.883987148113275,2.1910755804752617e-5,2.3642412311902422e-4,1.8079163533293334e-4,STK17B/PIM1/PLK1/PRKCD/MAPK13/MAPKAPK3/MAPK3/MAPK1/PRKACA/DYRK3/CHEK1/PAK6/CAMKK1/PRKCG/AURKA/CAMK2B/CAMK2D/HIPK3/CAMK2A/PRKCZ/TBK1/AURKB/STK16/CHEK2/PAK3/MAPK12/DAPK2,27,Third,sPTD
GO:0001664,G protein-coupled receptor binding,26/574,299/18737,0.08695652173913043,2.8385093167701863,5.696985544229629,1.9155271019191185e-6,2.5629752623677808e-5,1.9598866769109297e-5,WNT7A/CCL8/XCL1/CCL24/POMC/SCT/CCL5/JAK2/PTH/CCL20/CCL7/PPBP/CCL13/CCL2/CXCL5/TYK2/FYN/CCL21/AGT/CCL3L1/CXCL16/PDE4D/CCL1/CX3CL1/UCHL1/CCL16,26,Third,Control
GO:0001664,G protein-coupled receptor binding,26/574,299/18737,0.08695652173913043,2.8385093167701863,5.696985544229629,1.9155271019191185e-6,2.5629752623677808e-5,1.9598866769109297e-5,WNT7A/CCL8/XCL1/CCL24/POMC/SCT/CCL5/JAK2/PTH/CCL20/CCL7/PPBP/CCL13/CCL2/CXCL5/TYK2/FYN/CCL21/AGT/CCL3L1/CXCL16/PDE4D/CCL1/CX3CL1/UCHL1/CCL16,26,Third,sPTD
GO:0005178,integrin binding,25/574,161/18737,0.15527950310559005,5.068766637089618,9.217225489058254,2.3312602563873573e-11,6.780926571839748e-10,5.18532029567165e-10,PPIA/FGF1/P4HB/ADAMTS5/LGALS8/PTPN2/PTK2/CD226/GFRA1/DMP1/SRC/IGF1/JAM3/THBS1/GFAP/IL1B/GPNMB/FAP/CD40LG/VCAM1/ICAM2/ICAM1/KDR/CX3CL1/ICAM5,25,Third,Control
GO:0008201,heparin binding,25/574,176/18737,0.14204545454545456,4.636769480519481,8.617315940311482,1.678107661127296e-10,4.317900097285234e-9,3.301863657116866e-9,FGF1/ADAMTS15/ADAMTS5/FGF12/CCL8/FGF9/FGF10/CCL7/TGFBR3/FGFR2/VEGFA/THBS1/NRP1/CTSG/FGF7/CFH/GPNMB/ADAMTS1/COL23A1/HBEGF/SERPINC1/AZU1/POSTN/FGF4/LTF,25,Third,Control
GO:0005178,integrin binding,25/574,161/18737,0.15527950310559005,5.068766637089618,9.217225489058254,2.3312602563873573e-11,6.780926571839748e-10,5.18532029567165e-10,PPIA/FGF1/P4HB/ADAMTS5/LGALS8/PTPN2/PTK2/CD226/GFRA1/DMP1/SRC/IGF1/JAM3/THBS1/GFAP/IL1B/GPNMB/FAP/CD40LG/VCAM1/ICAM2/ICAM1/KDR/CX3CL1/ICAM5,25,Third,sPTD
GO:0008201,heparin binding,25/574,176/18737,0.14204545454545456,4.636769480519481,8.617315940311482,1.678107661127296e-10,4.317900097285234e-9,3.301863657116866e-9,FGF1/ADAMTS15/ADAMTS5/FGF12/CCL8/FGF9/FGF10/CCL7/TGFBR3/FGFR2/VEGFA/THBS1/NRP1/CTSG/FGF7/CFH/GPNMB/ADAMTS1/COL23A1/HBEGF/SERPINC1/AZU1/POSTN/FGF4/LTF,25,Third,sPTD
GO:0004714,transmembrane receptor protein tyrosine kinase activity,24/574,60/18737,0.4,13.057142857142857,16.629035712460094,3.742582987698806e-21,2.503788018770501e-19,1.9146266652859156e-19,EPHA3/EPHA2/EFNA4/ERBB4/FGFR3/ERBB2/EPHA5/EPHB4/FGFR2/NTRK1/NRP1/TYRO3/IGF2R/DDR1/NTRK2/MST1R/MET/INSR/KDR/FLT3/TIE1/KIT/FLT4/DDR2,24,Third,Control
GO:0061135,endopeptidase regulator activity,24/574,189/18737,0.12698412698412698,4.145124716553288,7.725397303583962,3.919146774041992e-9,7.08624105901106e-8,5.4187918412074206e-8,WFIKKN1/BIRC7/PEBP1/BIRC5/THBS1/PSME3/NGF/SERPINA7/SERPINA6/SERPINC1/AHSG/CST3/SLPI/SERPING1/PSME1/WFIKKN2/TIMP3/CD109/AGT/SERPINA4/SPOCK1/SPOCK2/SPINT1/LTF,24,Third,Control
GO:0004714,transmembrane receptor protein tyrosine kinase activity,24/574,60/18737,0.4,13.057142857142857,16.629035712460094,3.742582987698806e-21,2.503788018770501e-19,1.9146266652859156e-19,EPHA3/EPHA2/EFNA4/ERBB4/FGFR3/ERBB2/EPHA5/EPHB4/FGFR2/NTRK1/NRP1/TYRO3/IGF2R/DDR1/NTRK2/MST1R/MET/INSR/KDR/FLT3/TIE1/KIT/FLT4/DDR2,24,Third,sPTD
GO:0061135,endopeptidase regulator activity,24/574,189/18737,0.12698412698412698,4.145124716553288,7.725397303583962,3.919146774041992e-9,7.08624105901106e-8,5.4187918412074206e-8,WFIKKN1/BIRC7/PEBP1/BIRC5/THBS1/PSME3/NGF/SERPINA7/SERPINA6/SERPINC1/AHSG/CST3/SLPI/SERPING1/PSME1/WFIKKN2/TIMP3/CD109/AGT/SERPINA4/SPOCK1/SPOCK2/SPINT1/LTF,24,Third,sPTD
GO:0030414,peptidase inhibitor activity,23/574,176/18737,0.13068181818181818,4.265827922077921,7.738370870626771,4.735222102060607e-9,8.336483121785648e-8,6.374841943494337e-8,WFIKKN1/BIRC7/PEBP1/BIRC5/THBS1/NGF/SERPINA7/SERPINA6/SERPINC1/AHSG/CST3/SLPI/SERPING1/WFIKKN2/TIMP3/CD109/AGT/SERPINA4/GPC3/SPOCK1/SPOCK2/SPINT1/LTF,23,Third,Control
GO:0030414,peptidase inhibitor activity,23/574,176/18737,0.13068181818181818,4.265827922077921,7.738370870626771,4.735222102060607e-9,8.336483121785648e-8,6.374841943494337e-8,WFIKKN1/BIRC7/PEBP1/BIRC5/THBS1/NGF/SERPINA7/SERPINA6/SERPINC1/AHSG/CST3/SLPI/SERPING1/WFIKKN2/TIMP3/CD109/AGT/SERPINA4/GPC3/SPOCK1/SPOCK2/SPINT1/LTF,23,Third,sPTD
GO:0004866,endopeptidase inhibitor activity,22/574,168/18737,0.13095238095238096,4.274659863945578,7.5792664188983006,9.852294545627978e-9,1.6900474489807994e-7,1.2923657622605123e-7,WFIKKN1/BIRC7/PEBP1/BIRC5/THBS1/NGF/SERPINA7/SERPINA6/SERPINC1/AHSG/CST3/SLPI/SERPING1/WFIKKN2/TIMP3/CD109/AGT/SERPINA4/SPOCK1/SPOCK2/SPINT1/LTF,22,Third,Control
GO:0004866,endopeptidase inhibitor activity,22/574,168/18737,0.13095238095238096,4.274659863945578,7.5792664188983006,9.852294545627978e-9,1.6900474489807994e-7,1.2923657622605123e-7,WFIKKN1/BIRC7/PEBP1/BIRC5/THBS1/NGF/SERPINA7/SERPINA6/SERPINC1/AHSG/CST3/SLPI/SERPING1/WFIKKN2/TIMP3/CD109/AGT/SERPINA4/SPOCK1/SPOCK2/SPINT1/LTF,22,Third,sPTD
GO:0019207,kinase regulator activity,20/574,273/18737,0.07326007326007326,2.3914181057038197,4.116960229384833,3.035211330484726e-4,0.0024464534699931107,0.0018707833945663627,CCNB1/GCKR/PIM1/CCL5/HTRA2/EFNA5/CDC37/AREG/VEGFA/ERBB3/HBEGF/AHSG/ANGPT4/INSR/CD40LG/TGFBR2/FLT3/SFN/LTF/NCK1,20,Third,Control
GO:0019207,kinase regulator activity,20/574,273/18737,0.07326007326007326,2.3914181057038197,4.116960229384833,3.035211330484726e-4,0.0024464534699931107,0.0018707833945663627,CCNB1/GCKR/PIM1/CCL5/HTRA2/EFNA5/CDC37/AREG/VEGFA/ERBB3/HBEGF/AHSG/ANGPT4/INSR/CD40LG/TGFBR2/FLT3/SFN/LTF/NCK1,20,Third,sPTD
GO:0051219,phosphoprotein binding,19/574,93/18737,0.20430107526881722,6.668970814132106,9.742641942487312,4.4922084382224024e-11,1.202114978068315e-9,9.192477056741422e-10,ABL1/GRAP2/SHC1/MAPK3/MAPK1/HCK/SRC/ABL2/RB1/BCAR3/IGF2R/PTPN6/TBK1/EPB41/PTPN11/YES1/ZAP70/RASA1/SFN,19,Third,Control
GO:0051219,phosphoprotein binding,19/574,93/18737,0.20430107526881722,6.668970814132106,9.742641942487312,4.4922084382224024e-11,1.202114978068315e-9,9.192477056741422e-10,ABL1/GRAP2/SHC1/MAPK3/MAPK1/HCK/SRC/ABL2/RB1/BCAR3/IGF2R/PTPN6/TBK1/EPB41/PTPN11/YES1/ZAP70/RASA1/SFN,19,Third,sPTD
GO:0033218,amide binding,18/574,244/18737,0.07377049180327869,2.40807962529274,3.9356732618359214,5.506248378801779e-4,0.004186000187975443,0.003201000851791465,PPIA/PPIF/HMGCR/TYMS/MSR1/LILRB2/PRLR/PPIB/PPIE/PPIAL4D/TGFB2/CST3/FOLH1/INSR/ECE1/LRP8/APOA1/PFDN5,18,Third,Control
GO:0033218,amide binding,18/574,244/18737,0.07377049180327869,2.40807962529274,3.9356732618359214,5.506248378801779e-4,0.004186000187975443,0.003201000851791465,PPIA/PPIF/HMGCR/TYMS/MSR1/LILRB2/PRLR/PPIB/PPIE/PPIAL4D/TGFB2/CST3/FOLH1/INSR/ECE1/LRP8/APOA1/PFDN5,18,Third,sPTD
GO:0015026,coreceptor activity,17/574,61/18737,0.2786885245901639,9.097189695550352,11.260505634263655,2.2414322648485614e-12,7.140562786588989e-11,5.460331231661157e-11,IL12RB1/CD4/ERBB2/IL2RG/TGFBR3/IL17RC/IL12RB2/ROR1/IL18RAP/IL10RB/NRP1/CD80/IL1RAP/CRLF2/ENG/CD86/KDR,17,Third,Control
GO:0140272,exogenous protein binding,17/574,80/18737,0.2125,6.9366071428571425,9.45938695703707,2.4688662983100565e-10,6.1173020502571405e-9,4.677851933640108e-9,EPHA2/TNFRSF4/RPSA/CD4/BSG/SCARB2/TNFRSF14/CD55/CD80/TYRO3/ALB/NCAM1/CD86/ICAM1/CLEC4M/ACE2/MRC1,17,Third,Control
GO:0019902,phosphatase binding,17/574,191/18737,0.08900523560209424,2.905385190725505,4.705165835374303,8.504501443477038e-5,7.902099257897414e-4,6.04267207826e-4,LILRB2/MAPK3/FCRL3/PTK2/SPHK1/MAPK1/PPP3R1/CDH2/CDH5/BCL2/MET/TBK1/ARPP19/MAPT/SOD1/PTPN1/FLT4,17,Third,Control
GO:0015026,coreceptor activity,17/574,61/18737,0.2786885245901639,9.097189695550352,11.260505634263655,2.2414322648485614e-12,7.140562786588989e-11,5.460331231661157e-11,IL12RB1/CD4/ERBB2/IL2RG/TGFBR3/IL17RC/IL12RB2/ROR1/IL18RAP/IL10RB/NRP1/CD80/IL1RAP/CRLF2/ENG/CD86/KDR,17,Third,sPTD
GO:0140272,exogenous protein binding,17/574,80/18737,0.2125,6.9366071428571425,9.45938695703707,2.4688662983100565e-10,6.1173020502571405e-9,4.677851933640108e-9,EPHA2/TNFRSF4/RPSA/CD4/BSG/SCARB2/TNFRSF14/CD55/CD80/TYRO3/ALB/NCAM1/CD86/ICAM1/CLEC4M/ACE2/MRC1,17,Third,sPTD
GO:0019902,phosphatase binding,17/574,191/18737,0.08900523560209424,2.905385190725505,4.705165835374303,8.504501443477038e-5,7.902099257897414e-4,6.04267207826e-4,LILRB2/MAPK3/FCRL3/PTK2/SPHK1/MAPK1/PPP3R1/CDH2/CDH5/BCL2/MET/TBK1/ARPP19/MAPT/SOD1/PTPN1/FLT4,17,Third,sPTD
GO:0004715,non-membrane spanning protein tyrosine kinase activity,16/574,45/18737,0.35555555555555557,11.606349206349206,12.663241406459209,1.390301674493983e-13,5.813198876477966e-12,4.4453066697636566e-12,ABL1/PRKCD/JAK2/MATK/BMX/PTK2/HCK/SRC/ABL2/TYK2/PTK6/TEC/FYN/YES1/STK16/ZAP70,16,Third,Control
GO:0008009,chemokine activity,16/574,49/18737,0.32653061224489793,10.658892128279883,12.034956828655789,6.42553617807712e-13,2.2624651069124177e-11,1.7300889653991585e-11,CCL8/XCL1/CCL24/CCL5/CCL20/CCL7/PPBP/CCL13/CCL2/CXCL5/CCL21/CCL3L1/CXCL16/CCL1/CX3CL1/CCL16,16,Third,Control
GO:0032813,tumor necrosis factor receptor superfamily binding,16/574,49/18737,0.32653061224489793,10.658892128279883,12.034956828655789,6.42553617807712e-13,2.2624651069124177e-11,1.7300889653991585e-11,CD70/TNFSF4/TNF/NTF4/TNFSF15/BDNF/NGF/TNFSF13B/FASLG/TNFSF8/TNFSF18/LTA/EDA/NTF3/CD40LG/TNFSF11,16,Third,Control
GO:0042379,chemokine receptor binding,16/574,75/18737,0.21333333333333335,6.963809523809524,9.199747272615202,7.845825069546782e-10,1.7496189905089324e-8,1.337919643438504e-8,CCL8/XCL1/CCL24/CCL5/CCL20/CCL7/PPBP/CCL13/CCL2/CXCL5/CCL21/CCL3L1/CXCL16/CCL1/CX3CL1/CCL16,16,Third,Control
GO:0001618,virus receptor activity,16/574,79/18737,0.20253164556962025,6.611211573236889,8.884607349395983,1.7668652949489782e-9,3.6938527572527074e-8,2.8246596491618536e-8,EPHA2/TNFRSF4/RPSA/CD4/BSG/SCARB2/TNFRSF14/CD55/CD80/TYRO3/NCAM1/CD86/ICAM1/CLEC4M/ACE2/MRC1,16,Third,Control
GO:0004715,non-membrane spanning protein tyrosine kinase activity,16/574,45/18737,0.35555555555555557,11.606349206349206,12.663241406459209,1.390301674493983e-13,5.813198876477966e-12,4.4453066697636566e-12,ABL1/PRKCD/JAK2/MATK/BMX/PTK2/HCK/SRC/ABL2/TYK2/PTK6/TEC/FYN/YES1/STK16/ZAP70,16,Third,sPTD
GO:0008009,chemokine activity,16/574,49/18737,0.32653061224489793,10.658892128279883,12.034956828655789,6.42553617807712e-13,2.2624651069124177e-11,1.7300889653991585e-11,CCL8/XCL1/CCL24/CCL5/CCL20/CCL7/PPBP/CCL13/CCL2/CXCL5/CCL21/CCL3L1/CXCL16/CCL1/CX3CL1/CCL16,16,Third,sPTD
GO:0032813,tumor necrosis factor receptor superfamily binding,16/574,49/18737,0.32653061224489793,10.658892128279883,12.034956828655789,6.42553617807712e-13,2.2624651069124177e-11,1.7300889653991585e-11,CD70/TNFSF4/TNF/NTF4/TNFSF15/BDNF/NGF/TNFSF13B/FASLG/TNFSF8/TNFSF18/LTA/EDA/NTF3/CD40LG/TNFSF11,16,Third,sPTD
GO:0042379,chemokine receptor binding,16/574,75/18737,0.21333333333333335,6.963809523809524,9.199747272615202,7.845825069546782e-10,1.7496189905089324e-8,1.337919643438504e-8,CCL8/XCL1/CCL24/CCL5/CCL20/CCL7/PPBP/CCL13/CCL2/CXCL5/CCL21/CCL3L1/CXCL16/CCL1/CX3CL1/CCL16,16,Third,sPTD
GO:0001618,virus receptor activity,16/574,79/18737,0.20253164556962025,6.611211573236889,8.884607349395983,1.7668652949489782e-9,3.6938527572527074e-8,2.8246596491618536e-8,EPHA2/TNFRSF4/RPSA/CD4/BSG/SCARB2/TNFRSF14/CD55/CD80/TYRO3/NCAM1/CD86/ICAM1/CLEC4M/ACE2/MRC1,16,Third,sPTD
GO:1990782,protein tyrosine kinase binding,15/574,126/18737,0.11904761904761904,3.8860544217687076,5.778372404673368,7.3313543161270385e-6,9.144189018945411e-5,6.992488180642702e-5,PSPN/CD4/BMPR2/ERBB2/SHC1/PTPN2/FLT3LG/PCNA/ARTN/CDH5/ANGPT4/PTPN11/CDH1/PTPN1/NCK1,15,Third,Control
GO:0008237,metallopeptidase activity,15/574,185/18737,0.08108108108108109,2.646718146718147,4.001385199342173,5.928332689423879e-4,0.00435830172442261,0.003332758458137658,ADAMTS15/ADAMTS5/MMP16/CPE/ADAMTS4/MMP10/ADAMTS1/MMP2/MMP1/FOLH1/MMP3/PAPPA/ECE1/ACE2/CNDP2,15,Third,Control
GO:1990782,protein tyrosine kinase binding,15/574,126/18737,0.11904761904761904,3.8860544217687076,5.778372404673368,7.3313543161270385e-6,9.144189018945411e-5,6.992488180642702e-5,PSPN/CD4/BMPR2/ERBB2/SHC1/PTPN2/FLT3LG/PCNA/ARTN/CDH5/ANGPT4/PTPN11/CDH1/PTPN1/NCK1,15,Third,sPTD
GO:0008237,metallopeptidase activity,15/574,185/18737,0.08108108108108109,2.646718146718147,4.001385199342173,5.928332689423879e-4,0.00435830172442261,0.003332758458137658,ADAMTS15/ADAMTS5/MMP16/CPE/ADAMTS4/MMP10/ADAMTS1/MMP2/MMP1/FOLH1/MMP3/PAPPA/ECE1/ACE2/CNDP2,15,Third,sPTD
GO:0045309,protein phosphorylated amino acid binding,14/574,59/18737,0.23728813559322035,7.745762711864407,9.225554404786003,2.0474008329917137e-9,4.1506398705195655e-8,3.1739610999488766e-8,ABL1/GRAP2/SHC1/MAPK3/MAPK1/HCK/ABL2/BCAR3/PTPN6/PTPN11/YES1/ZAP70/RASA1/SFN,14,Third,Control
GO:0002020,protease binding,14/574,136/18737,0.10294117647058823,3.360294117647059,4.910978416498157,7.533479985579833e-5,7.098448042750575e-4,5.428126424005632e-4,TNF/ADAMTS4/PLG/TNFRSF10A/THBS1/CTSG/SERPINC1/FAP/NTRK2/CST3/TNFRSF8/BCL2/MIF/KIT,14,Third,Control
GO:0045309,protein phosphorylated amino acid binding,14/574,59/18737,0.23728813559322035,7.745762711864407,9.225554404786003,2.0474008329917137e-9,4.1506398705195655e-8,3.1739610999488766e-8,ABL1/GRAP2/SHC1/MAPK3/MAPK1/HCK/ABL2/BCAR3/PTPN6/PTPN11/YES1/ZAP70/RASA1/SFN,14,Third,sPTD
GO:0002020,protease binding,14/574,136/18737,0.10294117647058823,3.360294117647059,4.910978416498157,7.533479985579833e-5,7.098448042750575e-4,5.428126424005632e-4,TNF/ADAMTS4/PLG/TNFRSF10A/THBS1/CTSG/SERPINC1/FAP/NTRK2/CST3/TNFRSF8/BCL2/MIF/KIT,14,Third,sPTD
GO:0005104,fibroblast growth factor receptor binding,13/574,26/18737,0.5,16.321428571428573,13.897543082660897,1.321193072071985e-13,5.813198876477966e-12,4.4453066697636566e-12,FGF18/FGF1/FGF17/FGF9/NRXN1/FGF5/FGF20/FGF10/FGF8/FGF16/FGF7/FGF6/FGF4,13,Third,Control
GO:0001784,phosphotyrosine residue binding,13/574,47/18737,0.2765957446808511,9.02887537993921,9.797146199865608,9.895048640329525e-10,2.1354153356065976e-8,1.6329350217997113e-8,ABL1/GRAP2/SHC1/MAPK3/MAPK1/HCK/ABL2/BCAR3/PTPN6/PTPN11/YES1/ZAP70/RASA1,13,Third,Control
GO:0048020,CCR chemokine receptor binding,13/574,51/18737,0.2549019607843137,8.320728291316527,9.306401770472423,2.9937229549280555e-9,5.7222875909910544e-8,4.375787537127925e-8,CCL8/XCL1/CCL24/CCL5/CCL20/CCL7/CCL13/CCL2/CCL21/CCL3L1/CCL1/CX3CL1/CCL16,13,Third,Control
GO:0004867,serine-type endopeptidase inhibitor activity,13/574,102/18737,0.12745098039215685,4.160364145658264,5.689486968225486,1.409268671863613e-5,1.5713345691279287e-4,1.2015869728521334e-4,WFIKKN1/PEBP1/SERPINA7/SERPINA6/SERPINC1/SLPI/SERPING1/WFIKKN2/CD109/AGT/SERPINA4/SPOCK1/SPINT1,13,Third,Control
GO:0019209,kinase activator activity,13/574,142/18737,0.09154929577464789,2.988430583501006,4.228215449135856,4.310293827558807e-4,0.0033924547889845197,0.0025941830342954553,CCNB1/PIM1/CCL5/EFNA5/AREG/VEGFA/ERBB3/HBEGF/ANGPT4/INSR/CD40LG/TGFBR2/LTF,13,Third,Control
GO:0019903,protein phosphatase binding,13/574,144/18737,0.09027777777777778,2.9469246031746033,4.169233688289386,4.930898929190434e-4,0.003835780678637675,0.0029331907950875783,LILRB2/PTK2/SPHK1/CDH2/CDH5/BCL2/MET/TBK1/ARPP19/MAPT/SOD1/PTPN1/FLT4,13,Third,Control
GO:0005104,fibroblast growth factor receptor binding,13/574,26/18737,0.5,16.321428571428573,13.897543082660897,1.321193072071985e-13,5.813198876477966e-12,4.4453066697636566e-12,FGF18/FGF1/FGF17/FGF9/NRXN1/FGF5/FGF20/FGF10/FGF8/FGF16/FGF7/FGF6/FGF4,13,Third,sPTD
GO:0001784,phosphotyrosine residue binding,13/574,47/18737,0.2765957446808511,9.02887537993921,9.797146199865608,9.895048640329525e-10,2.1354153356065976e-8,1.6329350217997113e-8,ABL1/GRAP2/SHC1/MAPK3/MAPK1/HCK/ABL2/BCAR3/PTPN6/PTPN11/YES1/ZAP70/RASA1,13,Third,sPTD
GO:0048020,CCR chemokine receptor binding,13/574,51/18737,0.2549019607843137,8.320728291316527,9.306401770472423,2.9937229549280555e-9,5.7222875909910544e-8,4.375787537127925e-8,CCL8/XCL1/CCL24/CCL5/CCL20/CCL7/CCL13/CCL2/CCL21/CCL3L1/CCL1/CX3CL1/CCL16,13,Third,sPTD
GO:0004867,serine-type endopeptidase inhibitor activity,13/574,102/18737,0.12745098039215685,4.160364145658264,5.689486968225486,1.409268671863613e-5,1.5713345691279287e-4,1.2015869728521334e-4,WFIKKN1/PEBP1/SERPINA7/SERPINA6/SERPINC1/SLPI/SERPING1/WFIKKN2/CD109/AGT/SERPINA4/SPOCK1/SPINT1,13,Third,sPTD
GO:0019209,kinase activator activity,13/574,142/18737,0.09154929577464789,2.988430583501006,4.228215449135856,4.310293827558807e-4,0.0033924547889845197,0.0025941830342954553,CCNB1/PIM1/CCL5/EFNA5/AREG/VEGFA/ERBB3/HBEGF/ANGPT4/INSR/CD40LG/TGFBR2/LTF,13,Third,sPTD
GO:0019903,protein phosphatase binding,13/574,144/18737,0.09027777777777778,2.9469246031746033,4.169233688289386,4.930898929190434e-4,0.003835780678637675,0.0029331907950875783,LILRB2/PTK2/SPHK1/CDH2/CDH5/BCL2/MET/TBK1/ARPP19/MAPT/SOD1/PTPN1/FLT4,13,Third,sPTD
GO:0042056,chemoattractant activity,12/574,42/18737,0.2857142857142857,9.326530612244898,9.603434687497113,2.9114279722132954e-9,5.7222875909910544e-8,4.375787537127925e-8,PDGFB/CCL5/FGF10/FGF8/VEGFA/FGF7/GPNMB/NTF3/VEGFC/MIF/CX3CL1/CCL16,12,Third,Control
GO:0038024,cargo receptor activity,12/574,65/18737,0.18461538461538463,6.026373626373627,7.2163339115284115,5.577198065445194e-7,8.111185882136597e-6,6.202558946925319e-6,AMN/COLEC12/SCARF2/SCARB2/MSR1/SCARF1/INSR/ASGR1/MRC1/LRP8/CXCL16/LGALS3BP,12,Third,Control
GO:0050840,extracellular matrix binding,12/574,65/18737,0.18461538461538463,6.026373626373627,7.2163339115284115,5.577198065445194e-7,8.111185882136597e-6,6.202558946925319e-6,ADAMTS15/ADAMTS5/RPSA/BCAM/SPARC/DMP1/VEGFA/THBS1/SPARCL1/DCN/CTSS/SPOCK2,12,Third,Control
GO:0030295,protein kinase activator activity,12/574,134/18737,0.08955223880597014,2.923240938166311,3.971871546022997,8.618481545761686e-4,0.006069225425383756,0.004641088123257817,CCNB1/PIM1/CCL5/EFNA5/AREG/VEGFA/ERBB3/HBEGF/ANGPT4/INSR/CD40LG/LTF,12,Third,Control
GO:0042056,chemoattractant activity,12/574,42/18737,0.2857142857142857,9.326530612244898,9.603434687497113,2.9114279722132954e-9,5.7222875909910544e-8,4.375787537127925e-8,PDGFB/CCL5/FGF10/FGF8/VEGFA/FGF7/GPNMB/NTF3/VEGFC/MIF/CX3CL1/CCL16,12,Third,sPTD
GO:0038024,cargo receptor activity,12/574,65/18737,0.18461538461538463,6.026373626373627,7.2163339115284115,5.577198065445194e-7,8.111185882136597e-6,6.202558946925319e-6,AMN/COLEC12/SCARF2/SCARB2/MSR1/SCARF1/INSR/ASGR1/MRC1/LRP8/CXCL16/LGALS3BP,12,Third,sPTD
GO:0050840,extracellular matrix binding,12/574,65/18737,0.18461538461538463,6.026373626373627,7.2163339115284115,5.577198065445194e-7,8.111185882136597e-6,6.202558946925319e-6,ADAMTS15/ADAMTS5/RPSA/BCAM/SPARC/DMP1/VEGFA/THBS1/SPARCL1/DCN/CTSS/SPOCK2,12,Third,sPTD
GO:0030295,protein kinase activator activity,12/574,134/18737,0.08955223880597014,2.923240938166311,3.971871546022997,8.618481545761686e-4,0.006069225425383756,0.004641088123257817,CCNB1/PIM1/CCL5/EFNA5/AREG/VEGFA/ERBB3/HBEGF/ANGPT4/INSR/CD40LG/LTF,12,Third,sPTD
GO:0005164,tumor necrosis factor receptor binding,11/574,30/18737,0.36666666666666664,11.969047619047618,10.688778309522265,6.529264252132766e-10,1.506233718854076e-8,1.1518048735159798e-8,CD70/TNFSF4/TNF/TNFSF15/TNFSF13B/FASLG/TNFSF8/LTA/EDA/CD40LG/TNFSF11,11,Third,Control
GO:0098631,cell adhesion mediator activity,11/574,69/18737,0.15942028985507245,5.203933747412008,6.219165382944175,7.380959746233964e-6,9.144189018945411e-5,6.992488180642702e-5,ROBO3/RPSA/BCAM/CNTN5/CD200/NRCAM/JAM3/CNTN2/CNTN4/VCAM1/KRT18,11,Third,Control
GO:0030971,receptor tyrosine kinase binding,11/574,82/18737,0.13414634146341464,4.378919860627177,5.451145630788392,3.956971457750394e-5,4.072636777284637e-4,3.1143127586505127e-4,PSPN/ERBB2/SHC1/PTPN2/FLT3LG/PCNA/ARTN/ANGPT4/PTPN11/PTPN1/NCK1,11,Third,Control
GO:0004222,metalloendopeptidase activity,11/574,110/18737,0.1,3.2642857142857142,4.234057049888114,5.578378156921864e-4,0.00419318537863003,0.0032064953095967187,ADAMTS15/ADAMTS5/MMP16/ADAMTS4/MMP10/ADAMTS1/MMP2/MMP1/MMP3/PAPPA/ECE1,11,Third,Control
GO:0005164,tumor necrosis factor receptor binding,11/574,30/18737,0.36666666666666664,11.969047619047618,10.688778309522265,6.529264252132766e-10,1.506233718854076e-8,1.1518048735159798e-8,CD70/TNFSF4/TNF/TNFSF15/TNFSF13B/FASLG/TNFSF8/LTA/EDA/CD40LG/TNFSF11,11,Third,sPTD
GO:0098631,cell adhesion mediator activity,11/574,69/18737,0.15942028985507245,5.203933747412008,6.219165382944175,7.380959746233964e-6,9.144189018945411e-5,6.992488180642702e-5,ROBO3/RPSA/BCAM/CNTN5/CD200/NRCAM/JAM3/CNTN2/CNTN4/VCAM1/KRT18,11,Third,sPTD
GO:0030971,receptor tyrosine kinase binding,11/574,82/18737,0.13414634146341464,4.378919860627177,5.451145630788392,3.956971457750394e-5,4.072636777284637e-4,3.1143127586505127e-4,PSPN/ERBB2/SHC1/PTPN2/FLT3LG/PCNA/ARTN/ANGPT4/PTPN11/PTPN1/NCK1,11,Third,sPTD
GO:0004222,metalloendopeptidase activity,11/574,110/18737,0.1,3.2642857142857142,4.234057049888114,5.578378156921864e-4,0.00419318537863003,0.0032064953095967187,ADAMTS15/ADAMTS5/MMP16/ADAMTS4/MMP10/ADAMTS1/MMP2/MMP1/MMP3/PAPPA/ECE1,11,Third,sPTD
GO:0005035,death receptor activity,9/574,13/18737,0.6923076923076923,22.5989010989011,13.848559757107632,1.4317623496950113e-11,4.3538591452089206e-10,3.3293612533577773e-10,TNFRSF4/TNFRSF14/TNFRSF19/TNFRSF11A/TNFRSF10A/EDA2R/TNFRSF1B/TNFRSF1A/TNFRSF18,9,Third,Control
GO:0005035,death receptor activity,9/574,13/18737,0.6923076923076923,22.5989010989011,13.848559757107632,1.4317623496950113e-11,4.3538591452089206e-10,3.3293612533577773e-10,TNFRSF4/TNFRSF14/TNFRSF19/TNFRSF11A/TNFRSF10A/EDA2R/TNFRSF1B/TNFRSF1A/TNFRSF18,9,Third,sPTD
GO:0005031,tumor necrosis factor receptor activity,8/574,10/18737,0.8,26.114285714285714,14.121710988067543,3.152318787832559e-11,8.78708862108326e-10,6.719416363537824e-10,TNFRSF4/TNFRSF14/TNFRSF19/TNFRSF11A/EDA2R/TNFRSF1B/TNFRSF1A/TNFRSF18,8,Third,Control
GO:0050431,transforming growth factor beta binding,8/574,23/18737,0.34782608695652173,11.354037267080745,8.832647992123446,2.412875459057665e-7,3.843365909784709e-6,2.9389911606567045e-6,TGFB3/WFIKKN1/TGFBR3/THBS1/CHRDL1/ENG/WFIKKN2/TGFBR2,8,Third,Control
GO:0046875,ephrin receptor binding,8/574,28/18737,0.2857142857142857,9.326530612244898,7.838237252520581,1.3358053441088214e-6,1.86177869835167e-5,1.4236872746422968e-5,ABL1/EFNA4/SHC1/EFNA5/SRC/FYN/PTPN1/NCK1,8,Third,Control
GO:0048019,receptor antagonist activity,8/574,31/18737,0.25806451612903225,8.423963133640552,7.354053450585363,3.126177146095866e-6,4.0957916467752464e-5,3.132019102089166e-5,WFIKKN1/CCL5/DKK1/DKK4/DKK3/IL18BP/WFIKKN2/FST,8,Third,Control
GO:0030547,signaling receptor inhibitor activity,8/574,43/18737,0.18604651162790697,6.073089700996678,5.920470802298619,4.157226706680045e-5,4.089265796439945e-4,3.127028836550726e-4,WFIKKN1/CCL5/DKK1/DKK4/DKK3/IL18BP/WFIKKN2/FST,8,Third,Control
GO:0098632,cell-cell adhesion mediator activity,8/574,53/18737,0.1509433962264151,4.92722371967655,5.089665504814881,1.9422552738201161e-4,0.0016242109727320723,0.0012420211356270745,ROBO3/CNTN5/CD200/NRCAM/JAM3/CNTN2/CNTN4/KRT18,8,Third,Control
GO:0005518,collagen binding,8/574,69/18737,0.11594202898550725,3.7846790890269153,4.119565348465853,0.0011946181984905943,0.008155097701940894,0.006236137964193651,PDGFB/PPIB/SPARC/THBS1/DDR1/SPARCL1/CTSS/DDR2,8,Third,Control
GO:0005031,tumor necrosis factor receptor activity,8/574,10/18737,0.8,26.114285714285714,14.121710988067543,3.152318787832559e-11,8.78708862108326e-10,6.719416363537824e-10,TNFRSF4/TNFRSF14/TNFRSF19/TNFRSF11A/EDA2R/TNFRSF1B/TNFRSF1A/TNFRSF18,8,Third,sPTD
GO:0050431,transforming growth factor beta binding,8/574,23/18737,0.34782608695652173,11.354037267080745,8.832647992123446,2.412875459057665e-7,3.843365909784709e-6,2.9389911606567045e-6,TGFB3/WFIKKN1/TGFBR3/THBS1/CHRDL1/ENG/WFIKKN2/TGFBR2,8,Third,sPTD
GO:0046875,ephrin receptor binding,8/574,28/18737,0.2857142857142857,9.326530612244898,7.838237252520581,1.3358053441088214e-6,1.86177869835167e-5,1.4236872746422968e-5,ABL1/EFNA4/SHC1/EFNA5/SRC/FYN/PTPN1/NCK1,8,Third,sPTD
GO:0048019,receptor antagonist activity,8/574,31/18737,0.25806451612903225,8.423963133640552,7.354053450585363,3.126177146095866e-6,4.0957916467752464e-5,3.132019102089166e-5,WFIKKN1/CCL5/DKK1/DKK4/DKK3/IL18BP/WFIKKN2/FST,8,Third,sPTD
GO:0030547,signaling receptor inhibitor activity,8/574,43/18737,0.18604651162790697,6.073089700996678,5.920470802298619,4.157226706680045e-5,4.089265796439945e-4,3.127028836550726e-4,WFIKKN1/CCL5/DKK1/DKK4/DKK3/IL18BP/WFIKKN2/FST,8,Third,sPTD
GO:0098632,cell-cell adhesion mediator activity,8/574,53/18737,0.1509433962264151,4.92722371967655,5.089665504814881,1.9422552738201161e-4,0.0016242109727320723,0.0012420211356270745,ROBO3/CNTN5/CD200/NRCAM/JAM3/CNTN2/CNTN4/KRT18,8,Third,sPTD
GO:0005518,collagen binding,8/574,69/18737,0.11594202898550725,3.7846790890269153,4.119565348465853,0.0011946181984905943,0.008155097701940894,0.006236137964193651,PDGFB/PPIB/SPARC/THBS1/DDR1/SPARCL1/CTSS/DDR2,8,Third,sPTD
GO:0005165,neurotrophin receptor binding,7/574,12/18737,0.5833333333333334,19.041666666666668,11.113656207085528,1.692378011733501e-8,2.8305022246242805e-7,2.1644624044802148e-7,NTF4/SHC1/EFNA5/NTRK1/BDNF/NGF/NTF3,7,Third,Control
GO:0005024,transforming growth factor beta receptor activity,7/574,17/18737,0.4117647058823529,13.441176470588236,9.122914032395503,3.6350882014066487e-7,5.526986378956927e-6,4.226442262879501e-6,BMPR2/AMHR2/TGFBR3/ACVR1B/BMPR1A/ENG/TGFBR2,7,Third,Control
GO:0004675,transmembrane receptor protein serine/threonine kinase activity,7/574,19/18737,0.3684210526315789,12.026315789473683,8.548267399874252,8.927862407596244e-7,1.2707957341876357e-5,9.717673303676986e-6,BMPR2/AMHR2/TGFBR3/ACVR1B/BMPR1A/ENG/TGFBR2,7,Third,Control
GO:0005044,scavenger receptor activity,7/574,27/18737,0.25925925925925924,8.462962962962964,6.898534939531018,1.2710557716485601e-5,1.4412479851404862e-4,1.1021108028924179e-4,COLEC12/SCARF2/SCARB2/MSR1/SCARF1/CXCL16/LGALS3BP,7,Third,Control
GO:0030296,protein tyrosine kinase activator activity,7/574,32/18737,0.21875,7.140625,6.180296386017649,4.217628399915639e-5,4.089265796439945e-4,3.127028836550726e-4,CCL5/EFNA5/AREG/VEGFA/ERBB3/HBEGF/ANGPT4,7,Third,Control
GO:0071813,lipoprotein particle binding,7/574,32/18737,0.21875,7.140625,6.180296386017649,4.217628399915639e-5,4.089265796439945e-4,3.127028836550726e-4,COLEC12/MSR1/THBS1/SCARF1/LRP8/APOA1/MAPT,7,Third,Control
GO:0071814,protein-lipid complex binding,7/574,32/18737,0.21875,7.140625,6.180296386017649,4.217628399915639e-5,4.089265796439945e-4,3.127028836550726e-4,COLEC12/MSR1/THBS1/SCARF1/LRP8/APOA1/MAPT,7,Third,Control
GO:0051427,hormone receptor binding,7/574,34/18737,0.20588235294117646,6.720588235294118,5.935059863685934,6.39226008582591e-5,6.109174282025049e-4,4.671636694302847e-4,ADCYAP1/NPPB/JAK2/PTH/TYK2/PTPN11/VIP,7,Third,Control
GO:0043394,proteoglycan binding,7/574,37/18737,0.1891891891891892,6.175675675675675,5.6020593632696185,1.1297551312152743e-4,9.9448181945134e-4,7.604722905410296e-4,FGF20/THBS1/CFH/GPNMB/AZU1/FST/CTSS,7,Third,Control
GO:0016799,"hydrolase activity, hydrolyzing N-glycosyl compounds",7/574,39/18737,0.1794871794871795,5.8589743589743595,5.399828001753552,1.6006781143562023e-4,0.0013728893057747427,0.001049837467715404,IL1RAPL2/PCNA/IL18RAP/IL1RL2/IL1RAP/MBD4/IL18R1,7,Third,Control
GO:0004712,protein serine/threonine/tyrosine kinase activity,7/574,43/18737,0.16279069767441862,5.313953488372094,5.03453263705616,3.016707962393523e-4,0.0024464534699931107,0.0018707833945663627,MAPKAPK3/PRKACA/DYRK3/PRKCG/AURKA/AURKB/PAK3,7,Third,Control
GO:0005165,neurotrophin receptor binding,7/574,12/18737,0.5833333333333334,19.041666666666668,11.113656207085528,1.692378011733501e-8,2.8305022246242805e-7,2.1644624044802148e-7,NTF4/SHC1/EFNA5/NTRK1/BDNF/NGF/NTF3,7,Third,sPTD
GO:0005024,transforming growth factor beta receptor activity,7/574,17/18737,0.4117647058823529,13.441176470588236,9.122914032395503,3.6350882014066487e-7,5.526986378956927e-6,4.226442262879501e-6,BMPR2/AMHR2/TGFBR3/ACVR1B/BMPR1A/ENG/TGFBR2,7,Third,sPTD
GO:0004675,transmembrane receptor protein serine/threonine kinase activity,7/574,19/18737,0.3684210526315789,12.026315789473683,8.548267399874252,8.927862407596244e-7,1.2707957341876357e-5,9.717673303676986e-6,BMPR2/AMHR2/TGFBR3/ACVR1B/BMPR1A/ENG/TGFBR2,7,Third,sPTD
GO:0005044,scavenger receptor activity,7/574,27/18737,0.25925925925925924,8.462962962962964,6.898534939531018,1.2710557716485601e-5,1.4412479851404862e-4,1.1021108028924179e-4,COLEC12/SCARF2/SCARB2/MSR1/SCARF1/CXCL16/LGALS3BP,7,Third,sPTD
GO:0030296,protein tyrosine kinase activator activity,7/574,32/18737,0.21875,7.140625,6.180296386017649,4.217628399915639e-5,4.089265796439945e-4,3.127028836550726e-4,CCL5/EFNA5/AREG/VEGFA/ERBB3/HBEGF/ANGPT4,7,Third,sPTD
GO:0071813,lipoprotein particle binding,7/574,32/18737,0.21875,7.140625,6.180296386017649,4.217628399915639e-5,4.089265796439945e-4,3.127028836550726e-4,COLEC12/MSR1/THBS1/SCARF1/LRP8/APOA1/MAPT,7,Third,sPTD
GO:0071814,protein-lipid complex binding,7/574,32/18737,0.21875,7.140625,6.180296386017649,4.217628399915639e-5,4.089265796439945e-4,3.127028836550726e-4,COLEC12/MSR1/THBS1/SCARF1/LRP8/APOA1/MAPT,7,Third,sPTD
GO:0051427,hormone receptor binding,7/574,34/18737,0.20588235294117646,6.720588235294118,5.935059863685934,6.39226008582591e-5,6.109174282025049e-4,4.671636694302847e-4,ADCYAP1/NPPB/JAK2/PTH/TYK2/PTPN11/VIP,7,Third,sPTD
GO:0043394,proteoglycan binding,7/574,37/18737,0.1891891891891892,6.175675675675675,5.6020593632696185,1.1297551312152743e-4,9.9448181945134e-4,7.604722905410296e-4,FGF20/THBS1/CFH/GPNMB/AZU1/FST/CTSS,7,Third,sPTD
GO:0016799,"hydrolase activity, hydrolyzing N-glycosyl compounds",7/574,39/18737,0.1794871794871795,5.8589743589743595,5.399828001753552,1.6006781143562023e-4,0.0013728893057747427,0.001049837467715404,IL1RAPL2/PCNA/IL18RAP/IL1RL2/IL1RAP/MBD4/IL18R1,7,Third,sPTD
GO:0004712,protein serine/threonine/tyrosine kinase activity,7/574,43/18737,0.16279069767441862,5.313953488372094,5.03453263705616,3.016707962393523e-4,0.0024464534699931107,0.0018707833945663627,MAPKAPK3/PRKACA/DYRK3/PRKCG/AURKA/AURKB/PAK3,7,Third,sPTD
GO:0048185,activin binding,6/574,11/18737,0.5454545454545454,17.805194805194805,9.911011448561188,3.263976282252053e-7,5.078139843782845e-6,3.8832129086279015e-6,TGFBR3/ACVR1B/ENG/TGFBR2/FST/FSTL3,6,Third,Control
GO:0004089,carbonate dehydratase activity,6/574,15/18737,0.4,13.057142857142857,8.304519501303796,3.1835749720824038e-6,4.0957916467752464e-5,3.132019102089166e-5,CA7/CA2/CA9/CA10/CA4/CA6,6,Third,Control
GO:0005003,ephrin receptor activity,6/574,18/18737,0.3333333333333333,10.88095238095238,7.45580138461208,1.0915704063787724e-5,1.259070003219653e-4,9.628007577134e-5,EPHA3/EPHA2/EFNA4/EPHA5/EPHB4/NTRK1,6,Third,Control
GO:0005123,death receptor binding,6/574,21/18737,0.2857142857142857,9.326530612244898,6.786843046632772,2.9499706261136545e-5,3.0836411701094297e-4,2.358035730742165e-4,NTF4/BDNF/NGF/FASLG/EDA/NTF3,6,Third,Control
GO:0036122,BMP binding,6/574,21/18737,0.2857142857142857,9.326530612244898,6.786843046632772,2.9499706261136545e-5,3.0836411701094297e-4,2.358035730742165e-4,BMPR2/TGFBR3/BMPR1A/NBL1/CHRDL1/ENG,6,Third,Control
GO:0005537,D-mannose binding,6/574,25/18737,0.24,7.8342857142857145,6.0786008223581485,8.673244168563683e-5,7.90929153234015e-4,6.048171952981376e-4,CD207/BSG/IGF2R/ASGR1/CLEC4M/MRC1,6,Third,Control
GO:0005160,transforming growth factor beta receptor binding,6/574,26/18737,0.23076923076923078,7.532967032967034,5.925830634851643,1.098513583300868e-4,9.798741163043743e-4,7.493018968199606e-4,TGFB3/AMH/TGFBR3/TGFB2/ENG/TGFBR2,6,Third,Control
GO:0001968,fibronectin binding,6/574,30/18737,0.2,6.5285714285714285,5.387311316412133,2.5530154107603965e-4,0.0021086016170354387,0.0016124307857434085,VEGFA/THBS1/MMP2/TNFAIP6/CTSS/FSTL3,6,Third,Control
GO:0004869,cysteine-type endopeptidase inhibitor activity,6/574,36/18737,0.16666666666666666,5.44047619047619,4.740770968476669,7.167341823111284e-4,0.005155862021141343,0.003942646435803152,BIRC7/BIRC5/AHSG/CST3/SPOCK1/LTF,6,Third,Control
GO:0003755,peptidyl-prolyl cis-trans isomerase activity,6/574,39/18737,0.15384615384615385,5.021978021978022,4.469665394591331,0.0011108809527230507,0.00774145163928876,0.005919826129642574,PPIA/PPIF/PPIB/PPIE/PPIAL4D/AIP,6,Third,Control
GO:0042169,SH2 domain binding,6/574,41/18737,0.14634146341463414,4.7770034843205575,4.303933552464791,0.0014538612754931644,0.009726331933049271,0.007437648209365031,ABL1/JAK2/PTK2/SRC/PTPN6/KIT,6,Third,Control
GO:0048185,activin binding,6/574,11/18737,0.5454545454545454,17.805194805194805,9.911011448561188,3.263976282252053e-7,5.078139843782845e-6,3.8832129086279015e-6,TGFBR3/ACVR1B/ENG/TGFBR2/FST/FSTL3,6,Third,sPTD
GO:0004089,carbonate dehydratase activity,6/574,15/18737,0.4,13.057142857142857,8.304519501303796,3.1835749720824038e-6,4.0957916467752464e-5,3.132019102089166e-5,CA7/CA2/CA9/CA10/CA4/CA6,6,Third,sPTD
GO:0005003,ephrin receptor activity,6/574,18/18737,0.3333333333333333,10.88095238095238,7.45580138461208,1.0915704063787724e-5,1.259070003219653e-4,9.628007577134e-5,EPHA3/EPHA2/EFNA4/EPHA5/EPHB4/NTRK1,6,Third,sPTD
GO:0005123,death receptor binding,6/574,21/18737,0.2857142857142857,9.326530612244898,6.786843046632772,2.9499706261136545e-5,3.0836411701094297e-4,2.358035730742165e-4,NTF4/BDNF/NGF/FASLG/EDA/NTF3,6,Third,sPTD
GO:0036122,BMP binding,6/574,21/18737,0.2857142857142857,9.326530612244898,6.786843046632772,2.9499706261136545e-5,3.0836411701094297e-4,2.358035730742165e-4,BMPR2/TGFBR3/BMPR1A/NBL1/CHRDL1/ENG,6,Third,sPTD
GO:0005537,D-mannose binding,6/574,25/18737,0.24,7.8342857142857145,6.0786008223581485,8.673244168563683e-5,7.90929153234015e-4,6.048171952981376e-4,CD207/BSG/IGF2R/ASGR1/CLEC4M/MRC1,6,Third,sPTD
GO:0005160,transforming growth factor beta receptor binding,6/574,26/18737,0.23076923076923078,7.532967032967034,5.925830634851643,1.098513583300868e-4,9.798741163043743e-4,7.493018968199606e-4,TGFB3/AMH/TGFBR3/TGFB2/ENG/TGFBR2,6,Third,sPTD
GO:0001968,fibronectin binding,6/574,30/18737,0.2,6.5285714285714285,5.387311316412133,2.5530154107603965e-4,0.0021086016170354387,0.0016124307857434085,VEGFA/THBS1/MMP2/TNFAIP6/CTSS/FSTL3,6,Third,sPTD
GO:0004869,cysteine-type endopeptidase inhibitor activity,6/574,36/18737,0.16666666666666666,5.44047619047619,4.740770968476669,7.167341823111284e-4,0.005155862021141343,0.003942646435803152,BIRC7/BIRC5/AHSG/CST3/SPOCK1/LTF,6,Third,sPTD
GO:0003755,peptidyl-prolyl cis-trans isomerase activity,6/574,39/18737,0.15384615384615385,5.021978021978022,4.469665394591331,0.0011108809527230507,0.00774145163928876,0.005919826129642574,PPIA/PPIF/PPIB/PPIE/PPIAL4D/AIP,6,Third,sPTD
GO:0042169,SH2 domain binding,6/574,41/18737,0.14634146341463414,4.7770034843205575,4.303933552464791,0.0014538612754931644,0.009726331933049271,0.007437648209365031,ABL1/JAK2/PTK2/SRC/PTPN6/KIT,6,Third,sPTD
GO:0003953,NAD+ nucleosidase activity,5/574,11/18737,0.45454545454545453,14.837662337662337,8.160883074530098,1.0511296186516912e-5,1.2493209788876108e-4,9.553457568080858e-5,IL1RAPL2/IL18RAP/IL1RL2/IL1RAP/IL18R1,5,Third,Control
GO:0005114,type II transforming growth factor beta receptor binding,5/574,11/18737,0.45454545454545453,14.837662337662337,8.160883074530098,1.0511296186516912e-5,1.2493209788876108e-4,9.553457568080858e-5,TGFB3/AMH/TGFBR3/TGFB2/ENG,5,Third,Control
GO:0004726,non-membrane spanning protein tyrosine phosphatase activity,5/574,12/18737,0.4166666666666667,13.601190476190478,7.762326027845616,1.756517097950545e-5,1.9264097352933028e-4,1.473110111482252e-4,PTPN2/PTPN6/PTPN11/ACP1/PTPN1,5,Third,Control
GO:0061809,"NAD+ nucleotidase, cyclic ADP-ribose generating",5/574,16/18737,0.3125,10.200892857142858,6.545246946154576,8.748693174785816e-5,7.90929153234015e-4,6.048171952981376e-4,IL1RAPL2/IL18RAP/IL1RL2/IL1RAP/IL18R1,5,Third,Control
GO:0016018,cyclosporin A binding,5/574,17/18737,0.29411764705882354,9.600840336134453,6.306857488792162,1.2082724403406509e-4,0.0010497847566076565,8.02762004108758e-4,PPIA/PPIF/PPIB/PPIE/PPIAL4D,5,Third,Control
GO:0030297,transmembrane receptor protein tyrosine kinase activator activity,5/574,18/18737,0.2777777777777778,9.067460317460318,6.087407315227454,1.6310091325340203e-4,0.0013811963413484299,0.0010561897913544756,EFNA5/AREG/VEGFA/HBEGF/ANGPT4,5,Third,Control
GO:0051428,peptide hormone receptor binding,5/574,21/18737,0.23809523809523808,7.772108843537415,5.519854781799775,3.589696734052866e-4,0.0028589370417635325,0.0021862062816412195,ADCYAP1/JAK2/PTH/PTPN11/VIP,5,Third,Control
GO:0005158,insulin receptor binding,5/574,23/18737,0.21739130434782608,7.096273291925466,5.200506301301237,5.642713894102369e-4,0.004194417327949428,0.003207437371384505,SHC1/SRC/IGF1/PTPN11/PTPN1,5,Third,Control
GO:0070696,transmembrane receptor protein serine/threonine kinase binding,5/574,25/18737,0.2,6.5285714285714285,4.9172627889895555,8.470156899298253e-4,0.00602822868684099,0.004609738245306776,SRC/BMP6/CDH5/WIF1/CFC1,5,Third,Control
GO:0004683,calcium/calmodulin-dependent protein kinase activity,5/574,27/18737,0.18518518518518517,6.044973544973545,4.663419400810227,0.0012236503556560807,0.008268909979130485,0.006323169301954867,MAPKAPK3/CAMKK1/CAMK2B/CAMK2D/CAMK2A,5,Third,Control
GO:0003953,NAD+ nucleosidase activity,5/574,11/18737,0.45454545454545453,14.837662337662337,8.160883074530098,1.0511296186516912e-5,1.2493209788876108e-4,9.553457568080858e-5,IL1RAPL2/IL18RAP/IL1RL2/IL1RAP/IL18R1,5,Third,sPTD
GO:0005114,type II transforming growth factor beta receptor binding,5/574,11/18737,0.45454545454545453,14.837662337662337,8.160883074530098,1.0511296186516912e-5,1.2493209788876108e-4,9.553457568080858e-5,TGFB3/AMH/TGFBR3/TGFB2/ENG,5,Third,sPTD
GO:0004726,non-membrane spanning protein tyrosine phosphatase activity,5/574,12/18737,0.4166666666666667,13.601190476190478,7.762326027845616,1.756517097950545e-5,1.9264097352933028e-4,1.473110111482252e-4,PTPN2/PTPN6/PTPN11/ACP1/PTPN1,5,Third,sPTD
GO:0061809,"NAD+ nucleotidase, cyclic ADP-ribose generating",5/574,16/18737,0.3125,10.200892857142858,6.545246946154576,8.748693174785816e-5,7.90929153234015e-4,6.048171952981376e-4,IL1RAPL2/IL18RAP/IL1RL2/IL1RAP/IL18R1,5,Third,sPTD
GO:0016018,cyclosporin A binding,5/574,17/18737,0.29411764705882354,9.600840336134453,6.306857488792162,1.2082724403406509e-4,0.0010497847566076565,8.02762004108758e-4,PPIA/PPIF/PPIB/PPIE/PPIAL4D,5,Third,sPTD
GO:0030297,transmembrane receptor protein tyrosine kinase activator activity,5/574,18/18737,0.2777777777777778,9.067460317460318,6.087407315227454,1.6310091325340203e-4,0.0013811963413484299,0.0010561897913544756,EFNA5/AREG/VEGFA/HBEGF/ANGPT4,5,Third,sPTD
GO:0051428,peptide hormone receptor binding,5/574,21/18737,0.23809523809523808,7.772108843537415,5.519854781799775,3.589696734052866e-4,0.0028589370417635325,0.0021862062816412195,ADCYAP1/JAK2/PTH/PTPN11/VIP,5,Third,sPTD
GO:0005158,insulin receptor binding,5/574,23/18737,0.21739130434782608,7.096273291925466,5.200506301301237,5.642713894102369e-4,0.004194417327949428,0.003207437371384505,SHC1/SRC/IGF1/PTPN11/PTPN1,5,Third,sPTD
GO:0070696,transmembrane receptor protein serine/threonine kinase binding,5/574,25/18737,0.2,6.5285714285714285,4.9172627889895555,8.470156899298253e-4,0.00602822868684099,0.004609738245306776,SRC/BMP6/CDH5/WIF1/CFC1,5,Third,sPTD
GO:0004683,calcium/calmodulin-dependent protein kinase activity,5/574,27/18737,0.18518518518518517,6.044973544973545,4.663419400810227,0.0012236503556560807,0.008268909979130485,0.006323169301954867,MAPKAPK3/CAMKK1/CAMK2B/CAMK2D/CAMK2A,5,Third,sPTD
GO:0043560,insulin receptor substrate binding,4/574,13/18737,0.3076923076923077,10.043956043956044,5.798710089086532,4.998218485075723e-4,0.003843457662661676,0.002939061323347612,PRKCD/JAK2/PRKCZ/INSR,4,Third,Control
GO:0008191,metalloendopeptidase inhibitor activity,4/574,14/18737,0.2857142857142857,9.326530612244898,5.540398153302393,6.828733450458857e-4,0.00496567682430106,0.003797213337440509,NGF/TIMP3/SPOCK1/SPOCK2,4,Third,Control
GO:0004707,MAP kinase activity,4/574,16/18737,0.25,8.160714285714286,5.093923387497301,0.0011825114691339541,0.008155097701940894,0.006236137964193651,MAPK13/MAPK3/MAPK1/MAPK12,4,Third,Control
GO:0030169,low-density lipoprotein particle binding,4/574,17/18737,0.23529411764705882,7.680672268907563,4.898829216990492,0.0015091835383954613,0.009898468501829055,0.007569279666255874,COLEC12/MSR1/THBS1/SCARF1,4,Third,Control
GO:0047498,calcium-dependent phospholipase A2 activity,4/574,17/18737,0.23529411764705882,7.680672268907563,4.898829216990492,0.0015091835383954613,0.009898468501829055,0.007569279666255874,PLA2G5/PLA2G2E/PLA2G10/PLA2G1B,4,Third,Control
GO:0043560,insulin receptor substrate binding,4/574,13/18737,0.3076923076923077,10.043956043956044,5.798710089086532,4.998218485075723e-4,0.003843457662661676,0.002939061323347612,PRKCD/JAK2/PRKCZ/INSR,4,Third,sPTD
GO:0008191,metalloendopeptidase inhibitor activity,4/574,14/18737,0.2857142857142857,9.326530612244898,5.540398153302393,6.828733450458857e-4,0.00496567682430106,0.003797213337440509,NGF/TIMP3/SPOCK1/SPOCK2,4,Third,sPTD
GO:0004707,MAP kinase activity,4/574,16/18737,0.25,8.160714285714286,5.093923387497301,0.0011825114691339541,0.008155097701940894,0.006236137964193651,MAPK13/MAPK3/MAPK1/MAPK12,4,Third,sPTD
GO:0030169,low-density lipoprotein particle binding,4/574,17/18737,0.23529411764705882,7.680672268907563,4.898829216990492,0.0015091835383954613,0.009898468501829055,0.007569279666255874,COLEC12/MSR1/THBS1/SCARF1,4,Third,sPTD
GO:0047498,calcium-dependent phospholipase A2 activity,4/574,17/18737,0.23529411764705882,7.680672268907563,4.898829216990492,0.0015091835383954613,0.009898468501829055,0.007569279666255874,PLA2G5/PLA2G2E/PLA2G10/PLA2G1B,4,Third,sPTD
