,gene,rowsums,rank,norm_rank
0,A2M,135.0,985.5,0.8862410071942446
1,DCN,116.0,937.0,0.8426258992805755
2,CPB2,58.0,697.5,0.627248201438849
3,SERPIND1,60.0,714.0,0.6420863309352518
4,CTSG,92.0,854.5,0.7684352517985612
5,F9,56.0,689.5,0.6200539568345323
6,TIMP1,192.0,1048.0,0.9424460431654677
7,ACP5,43.0,572.0,0.5143884892086331
8,MMP2,211.0,1066.5,0.9590827338129496
9,PLAT,121.0,956.5,0.8601618705035972
10,TGFB1,326.0,1099.0,0.9883093525179856
11,PON1,50.0,647.5,0.5822841726618705
12,SERPINE1,198.0,1053.5,0.9473920863309353
13,C1QBP,37.0,524.5,0.4716726618705036
14,CCL2,304.0,1097.0,0.9865107913669064
15,AFM,40.0,548.0,0.49280575539568344
16,IL2,296.0,1096.0,0.9856115107913669
17,IL4,290.0,1093.5,0.983363309352518
18,LTF,108.0,908.0,0.8165467625899281
19,HRG,61.0,722.0,0.6492805755395683
20,APOB,133.0,979.0,0.8803956834532374
21,AZU1,34.0,488.5,0.4392985611510791
22,PROC,45.0,603.0,0.5422661870503597
23,CTSD,78.0,809.0,0.7275179856115108
24,MMP8,68.0,772.5,0.6946942446043165
25,APOA1,128.0,973.0,0.875
26,C3,146.0,1001.0,0.9001798561151079
27,CFP,53.0,670.0,0.6025179856115108
28,APOE,199.0,1055.0,0.9487410071942446
29,CRP,227.0,1075.0,0.966726618705036
30,APCS,75.0,800.5,0.7198741007194245
31,MMP7,109.0,910.5,0.8187949640287769
32,MMP13,92.0,854.5,0.7684352517985612
33,THBS1,183.0,1041.0,0.9361510791366906
34,VWF,210.0,1064.5,0.9572841726618705
35,PDGFRB,185.0,1044.0,0.9388489208633094
36,TIMP2,110.0,914.0,0.8219424460431655
37,LGALS3BP,35.0,501.0,0.4505395683453237
38,IL1A,290.0,1093.5,0.983363309352518
39,IL1B,424.0,1110.0,0.9982014388489209
40,C9,55.0,682.0,0.6133093525179856
41,FGF2,253.0,1087.0,0.9775179856115108
42,KLKB1,63.0,740.5,0.6659172661870504
43,HPX,68.0,772.5,0.6946942446043165
44,ITIH4,87.0,844.5,0.7594424460431655
45,TIMP3,88.0,846.5,0.7612410071942446
46,MFGE8,42.0,562.0,0.5053956834532374
47,AHSG,100.0,884.0,0.7949640287769785
48,EGFR,378.0,1106.0,0.9946043165467626
49,IGFBP1,54.0,675.0,0.6070143884892086
50,SERPING1,83.0,830.5,0.7468525179856115
51,MMP10,38.0,532.5,0.47886690647482016
52,APP,211.0,1066.5,0.9590827338129496
53,ADAMTS1,26.0,401.0,0.3606115107913669
54,ALB,382.0,1107.0,0.9955035971223022
55,PF4,133.0,979.0,0.8803956834532374
56,MASP1,51.0,653.0,0.5872302158273381
57,MMP3,162.0,1023.0,0.9199640287769785
58,LRP8,27.0,412.5,0.37095323741007197
59,CXCL10,225.0,1074.0,0.9658273381294964
60,FGB,86.0,842.0,0.7571942446043165
61,CXCL8,330.0,1100.0,0.9892086330935251
62,F2,122.0,959.0,0.862410071942446
63,PRSS1,35.0,501.0,0.4505395683453237
64,PLG,181.0,1038.5,0.9339028776978417
65,LEP,197.0,1051.5,0.9455935251798561
66,KLK3,62.0,731.0,0.6573741007194245
67,CLU,119.0,949.0,0.8534172661870504
68,SERPINF2,73.0,795.0,0.7149280575539568
69,C7,32.0,464.5,0.4177158273381295
70,MMP1,148.0,1002.0,0.9010791366906474
71,SERPINA4,34.0,488.5,0.4392985611510791
72,CST3,89.0,850.0,0.7643884892086331
73,SHBG,46.0,614.5,0.5526079136690647
74,SPARCL1,28.0,426.5,0.3835431654676259
75,RBP4,46.0,614.5,0.5526079136690647
76,KLK13,13.0,214.0,0.19244604316546762
77,AIF1,97.0,873.0,0.7850719424460432
78,PRSS3,12.0,195.0,0.17535971223021582
79,IGF2R,56.0,689.5,0.6200539568345323
80,KLK11,16.0,262.5,0.2360611510791367
81,NME2,42.0,562.0,0.5053956834532374
82,SAA1,104.0,896.0,0.8057553956834532
83,GHR,70.0,781.5,0.7027877697841727
84,ANXA6,19.0,314.0,0.2823741007194245
85,SERPINA7,28.0,426.5,0.3835431654676259
86,MAPT,109.0,910.5,0.8187949640287769
87,AGT,198.0,1053.5,0.9473920863309353
88,F10,63.0,740.5,0.6659172661870504
89,SERPINA5,40.0,548.0,0.49280575539568344
90,AGER,64.0,749.5,0.6740107913669064
91,GSN,61.0,722.0,0.6492805755395683
92,CFI,61.0,722.0,0.6492805755395683
93,CD5L,28.0,426.5,0.3835431654676259
94,F7,55.0,682.0,0.6133093525179856
95,C4A,94.0,858.0,0.7715827338129496
96,F3,122.0,959.0,0.862410071942446
97,GAPDH,403.0,1109.0,0.9973021582733813
98,CFH,76.0,804.5,0.7234712230215827
99,IGFBP3,93.0,856.0,0.7697841726618705
100,APOD,31.0,453.5,0.40782374100719426
101,PIGR,37.0,524.5,0.4716726618705036
102,IGF1,254.0,1088.0,0.9784172661870504
103,C1S,62.0,731.0,0.6573741007194245
104,HBB,40.0,548.0,0.49280575539568344
105,ACAN,99.0,880.5,0.79181654676259
106,F5,55.0,682.0,0.6133093525179856
107,LRPAP1,8.0,124.0,0.11151079136690648
108,F11,52.0,661.5,0.5948741007194245
109,TGFB2,130.0,975.0,0.8767985611510791
110,MBL2,95.0,861.0,0.7742805755395683
111,MMP12,82.0,826.0,0.7428057553956835
112,INS,333.0,1101.0,0.9901079136690647
113,GPT,106.0,903.0,0.8120503597122302
114,C1R,58.0,697.5,0.627248201438849
115,PLAU,138.0,989.0,0.8893884892086331
116,NGF,177.0,1033.0,0.9289568345323741
117,CFB,64.0,749.5,0.6740107913669064
118,ELANE,111.0,917.0,0.8246402877697842
119,FGG,91.0,853.0,0.7670863309352518
120,CTSB,115.0,934.0,0.8399280575539568
121,B2M,157.0,1016.5,0.9141187050359713
122,TF,47.0,622.5,0.5598021582733813
123,TNF,503.0,1112.0,1.0
124,FGA,112.0,922.5,0.8295863309352518
125,MMP9,318.0,1098.0,0.987410071942446
126,IL10,359.0,1103.0,0.9919064748201439
127,FN1,365.0,1104.0,0.9928057553956835
128,HAMP,39.0,539.5,0.4851618705035971
129,KNG1,139.0,992.0,0.8920863309352518
130,SERPINC1,105.0,899.0,0.8084532374100719
131,SERPINA3,64.0,749.5,0.6740107913669064
132,IL6,501.0,1111.0,0.9991007194244604
133,SERPINA1,138.0,989.0,0.8893884892086331
134,KLK4,52.0,661.5,0.5948741007194245
135,HP,113.0,929.5,0.8358812949640287
136,ABL1,127.0,969.5,0.8718525179856115
137,CD4,377.0,1105.0,0.9937050359712231
138,CD22,70.0,781.5,0.7027877697841727
139,MAPK12,52.0,661.5,0.5948741007194245
140,MAPK1,169.0,1029.0,0.9253597122302158
141,GZMH,33.0,476.5,0.4285071942446043
142,AURKA,64.0,749.5,0.6740107913669064
143,CDC37,55.0,682.0,0.6133093525179856
144,EPOR,72.0,790.0,0.710431654676259
145,MPO,143.0,995.0,0.8947841726618705
146,CSF3,223.0,1073.0,0.9649280575539568
147,CDKN1B,84.0,835.0,0.7508992805755396
148,IFNG,393.0,1108.0,0.9964028776978417
149,MAPK14,121.0,956.5,0.8601618705035972
150,FLT3,124.0,963.0,0.8660071942446043
151,PLCG1,122.0,959.0,0.862410071942446
152,YWHAH,31.0,453.5,0.40782374100719426
153,EPO,151.0,1007.0,0.9055755395683454
154,KRAS,232.0,1078.0,0.9694244604316546
155,MDM2,119.0,949.0,0.8534172661870504
156,CDH1,214.0,1069.5,0.9617805755395683
157,CD33,120.0,953.5,0.8574640287769785
158,PRDX1,69.0,777.0,0.6987410071942446
159,BIRC3,83.0,830.5,0.7468525179856115
160,IL7,184.0,1042.5,0.9375
161,PIK3CA,169.0,1029.0,0.9253597122302158
162,YWHAE,64.0,749.5,0.6740107913669064
163,CDK2,100.0,884.0,0.7949640287769785
164,ERBB3,117.0,940.0,0.8453237410071942
165,RB1,47.0,622.5,0.5598021582733813
166,CDH2,145.0,999.5,0.8988309352517986
167,ERBB2,242.0,1083.5,0.9743705035971223
168,BOC,10.0,159.5,0.14343525179856115
169,RASA1,69.0,777.0,0.6987410071942446
170,EPHA1,40.0,548.0,0.49280575539568344
171,NTRK2,112.0,922.5,0.8295863309352518
172,CSF1R,191.0,1045.5,0.9401978417266187
173,KIT,203.0,1058.5,0.9518884892086331
174,CDH15,17.0,280.5,0.2522482014388489
175,FGFR4,66.0,763.0,0.6861510791366906
176,VCAM1,228.0,1076.0,0.9676258992805755
177,IL3,156.0,1014.5,0.9123201438848921
178,CSF2,273.0,1090.0,0.9802158273381295
179,CRK,83.0,830.5,0.7468525179856115
180,YWHAG,49.0,639.5,0.575089928057554
181,CYCS,144.0,997.0,0.8965827338129496
182,CASP3,261.0,1089.0,0.97931654676259
183,PTPN2,37.0,524.5,0.4716726618705036
184,PKM,82.0,826.0,0.7428057553956835
185,CALR,116.0,937.0,0.8426258992805755
186,GSK3B,179.0,1035.0,0.9307553956834532
187,IL3RA,102.0,892.0,0.802158273381295
188,EFNA5,48.0,630.5,0.5669964028776978
189,TBK1,61.0,722.0,0.6492805755395683
190,PRKCD,66.0,763.0,0.6861510791366906
191,MAPK11,62.0,731.0,0.6573741007194245
192,HSP90AA1,240.0,1082.0,0.9730215827338129
193,EPHA3,35.0,501.0,0.4505395683453237
194,GRAP2,45.0,603.0,0.5422661870503597
195,PARK7,65.0,756.5,0.6803057553956835
196,SFN,39.0,539.5,0.4851618705035971
197,ERBB4,102.0,892.0,0.802158273381295
198,FYN,162.0,1023.0,0.9199640287769785
199,RAC1,79.0,813.5,0.7315647482014388
200,EPHB4,44.0,586.0,0.5269784172661871
201,EPHA2,100.0,884.0,0.7949640287769785
202,XRCC6,43.0,572.0,0.5143884892086331
203,NTRK3,41.0,555.0,0.49910071942446044
204,TOP1,28.0,426.5,0.3835431654676259
205,MAPKAPK2,27.0,412.5,0.37095323741007197
206,HSP90AB1,216.0,1071.5,0.9635791366906474
207,PTPN1,79.0,813.5,0.7315647482014388
208,PTEN,210.0,1064.5,0.9572841726618705
209,FLT3LG,125.0,966.0,0.8687050359712231
210,PRKCB,47.0,622.5,0.5598021582733813
211,NCAM1,179.0,1035.0,0.9307553956834532
212,CD274,203.0,1058.5,0.9518884892086331
213,PTPN6,85.0,838.5,0.7540467625899281
214,LCK,127.0,969.5,0.8718525179856115
215,CDK1,89.0,850.0,0.7643884892086331
216,CXCL12,248.0,1086.0,0.9766187050359713
217,LYN,124.0,963.0,0.8660071942446043
218,MAPK8,104.0,896.0,0.8057553956834532
219,HSPA8,133.0,979.0,0.8803956834532374
220,CHEK1,66.0,763.0,0.6861510791366906
221,DDR1,23.0,365.5,0.32868705035971224
222,MPL,62.0,731.0,0.6573741007194245
223,IGF1R,169.0,1029.0,0.9253597122302158
224,ESR1,245.0,1085.0,0.9757194244604317
225,TNFSF13B,125.0,966.0,0.8687050359712231
226,FGR,58.0,697.5,0.627248201438849
227,HCK,78.0,809.0,0.7275179856115108
228,PTPN11,192.0,1048.0,0.9424460431654677
229,IFNA2,106.0,903.0,0.8120503597122302
230,NOTCH1,150.0,1005.0,0.9037769784172662
231,CDON,11.0,179.0,0.16097122302158273
232,CRLF2,63.0,740.5,0.6659172661870504
233,BCL2,281.0,1091.0,0.9811151079136691
234,SRC,335.0,1102.0,0.9910071942446043
235,CSF3R,97.0,873.0,0.7850719424460432
236,BCL2L1,138.0,989.0,0.8893884892086331
237,YWHAZ,101.0,888.0,0.7985611510791367
238,YWHAB,80.0,818.0,0.7356115107913669
239,YWHAQ,52.0,661.5,0.5948741007194245
240,PIK3R1,182.0,1040.0,0.935251798561151
241,NCK1,54.0,675.0,0.6070143884892086
242,CDK5,50.0,647.5,0.5822841726618705
243,EPHB6,23.0,365.5,0.32868705035971224
244,RAD51,44.0,586.0,0.5269784172661871
245,ROBO2,22.0,356.0,0.32014388489208634
246,EPHB2,43.0,572.0,0.5143884892086331
247,NTRK1,127.0,969.5,0.8718525179856115
248,EPHA5,20.0,328.5,0.2954136690647482
249,ABL2,22.0,356.0,0.32014388489208634
250,SHC1,164.0,1026.0,0.9226618705035972
251,MMP14,99.0,880.5,0.79181654676259
252,C1QA,86.0,842.0,0.7571942446043165
253,JAK2,214.0,1069.5,0.9617805755395683
254,ITGB1,184.0,1042.5,0.9375
255,FGF4,162.0,1023.0,0.9199640287769785
256,FGF20,155.0,1013.0,0.9109712230215827
257,OSM,105.0,899.0,0.8084532374100719
258,IBSP,42.0,562.0,0.5053956834532374
259,FGF6,153.0,1011.0,0.9091726618705036
260,NANOG,75.0,800.5,0.7198741007194245
261,SPARC,101.0,888.0,0.7985611510791367
262,TGFB3,103.0,894.0,0.8039568345323741
263,TNFAIP6,56.0,689.5,0.6200539568345323
264,LYVE1,58.0,697.5,0.627248201438849
265,TLR2,216.0,1071.5,0.9635791366906474
266,MAPK3,242.0,1083.5,0.9743705035971223
267,NID1,58.0,697.5,0.627248201438849
268,FGF10,163.0,1025.0,0.9217625899280576
269,TNC,29.0,439.0,0.3947841726618705
270,SEMA3A,58.0,697.5,0.627248201438849
271,FGF7,173.0,1032.0,0.9280575539568345
272,HAPLN1,9.0,139.0,0.125
273,FGF18,159.0,1018.0,0.9154676258992805
274,BMP6,53.0,670.0,0.6025179856115108
275,LY96,60.0,714.0,0.6420863309352518
276,ADAMTS5,34.0,488.5,0.4392985611510791
277,MMP16,18.0,297.5,0.2675359712230216
278,ADAMTS15,5.0,58.0,0.052158273381294966
279,CCL11,128.0,973.0,0.875
280,BMP1,48.0,630.5,0.5669964028776978
281,ALCAM,45.0,603.0,0.5422661870503597
282,CHST2,4.0,41.0,0.0368705035971223
283,FGF5,157.0,1016.5,0.9141187050359713
284,FGF8,160.0,1019.5,0.91681654676259
285,BGN,97.0,873.0,0.7850719424460432
286,CHST6,4.0,41.0,0.0368705035971223
287,BCAN,28.0,426.5,0.3835431654676259
288,THBS4,26.0,401.0,0.3606115107913669
289,FGFR3,79.0,813.5,0.7315647482014388
290,ANXA2,96.0,866.0,0.7787769784172662
291,CCL20,134.0,983.0,0.8839928057553957
292,FGF17,161.0,1021.0,0.9181654676258992
293,PTGS2,209.0,1063.0,0.9559352517985612
294,CCN2,138.0,989.0,0.8893884892086331
295,ADAMTS4,40.0,548.0,0.49280575539568344
296,CTSS,127.0,969.5,0.8718525179856115
297,ENG,133.0,979.0,0.8803956834532374
298,TLR4,292.0,1095.0,0.9847122302158273
299,GDF5,44.0,586.0,0.5269784172661871
300,ALPL,36.0,514.5,0.4626798561151079
301,OMD,18.0,297.5,0.2675359712230216
302,POSTN,107.0,906.0,0.814748201438849
303,FGF9,160.0,1019.5,0.91681654676259
304,AREG,110.0,914.0,0.8219424460431655
305,BMP7,85.0,838.5,0.7540467625899281
306,TNFSF11,152.0,1008.5,0.9069244604316546
307,MATN3,9.0,139.0,0.125
308,ADIPOQ,138.0,989.0,0.8893884892086331
309,MIA,3.0,25.0,0.022482014388489208
310,FGF16,156.0,1014.5,0.9123201438848921
311,PECAM1,234.0,1079.0,0.9703237410071942
312,CCL3,197.0,1051.5,0.9455935251798561
313,PTHLH,63.0,740.5,0.6659172661870504
314,ACE2,99.0,880.5,0.79181654676259
315,ICAM3,50.0,647.5,0.5822841726618705
316,IL5,195.0,1050.0,0.9442446043165468
317,TFPI,58.0,697.5,0.627248201438849
318,CMA1,48.0,630.5,0.5669964028776978
319,HBA2,16.0,262.5,0.2360611510791367
320,CTSV,24.0,375.0,0.33723021582733814
321,SELP,131.0,976.0,0.8776978417266187
322,ICAM1,287.0,1092.0,0.9820143884892086
323,NRP1,108.0,908.0,0.8165467625899281
324,REN,96.0,866.0,0.7787769784172662
325,IL13,230.0,1077.0,0.9685251798561151
326,CD209,81.0,822.0,0.7392086330935251
327,CLEC4M,21.0,342.5,0.30800359712230213
328,TPO,22.0,356.0,0.32014388489208634
329,IFNL1,65.0,756.5,0.6803057553956835
330,BSG,63.0,740.5,0.6659172661870504
331,SIGLEC1,63.0,740.5,0.6659172661870504
332,TNNI3,36.0,514.5,0.4626798561151079
333,TGFBR2,113.0,929.5,0.8358812949640287
334,MB,49.0,639.5,0.575089928057554
335,IL6R,133.0,979.0,0.8803956834532374
336,ADAMTS13,44.0,586.0,0.5269784172661871
337,SFTPD,45.0,603.0,0.5422661870503597
338,NPPB,31.0,453.5,0.40782374100719426
339,NPPA,63.0,740.5,0.6659172661870504
340,MMEL1,28.0,426.5,0.3835431654676259
341,KRT18,55.0,682.0,0.6133093525179856
342,GCG,78.0,809.0,0.7275179856115108
343,TYK2,118.0,944.0,0.8489208633093526
344,CYP3A4,42.0,562.0,0.5053956834532374
345,FCGR3B,204.0,1060.5,0.9536870503597122
346,CCL5,238.0,1080.5,0.9716726618705036
347,IL17A,238.0,1080.5,0.9716726618705036
348,PRSS2,23.0,365.5,0.32868705035971224
349,ACP1,20.0,328.5,0.2954136690647482
350,DUSP3,15.0,247.5,0.22257194244604317
351,TPI1,75.0,800.5,0.7198741007194245
352,HIBADH,5.0,58.0,0.052158273381294966
353,PGD,19.0,314.0,0.2823741007194245
354,ESD,14.0,233.0,0.20953237410071943
355,TKT,37.0,524.5,0.4716726618705036
356,PPP3CA,31.0,453.5,0.40782374100719426
357,IL22,150.0,1005.0,0.9037769784172662
358,GPNMB,28.0,426.5,0.3835431654676259
359,CD207,45.0,603.0,0.5422661870503597
360,FGF23,81.0,822.0,0.7392086330935251
361,CKB,16.0,262.5,0.2360611510791367
362,DKK1,76.0,804.5,0.7234712230215827
363,DMP1,25.0,389.0,0.3498201438848921
364,ITGB3,134.0,983.0,0.8839928057553957
365,ITGAV,106.0,903.0,0.8120503597122302
366,CA2,28.0,426.5,0.3835431654676259
367,TNFRSF11A,33.0,476.5,0.4285071942446043
368,CSF1,201.0,1057.0,0.9505395683453237
369,TNFRSF11B,21.0,342.5,0.30800359712230213
370,PTH,76.0,804.5,0.7234712230215827
371,ACVR1B,31.0,453.5,0.40782374100719426
372,FSTL3,16.0,262.5,0.2360611510791367
373,TGFBR3,27.0,412.5,0.37095323741007197
374,INHBA,34.0,488.5,0.4392985611510791
375,FST,62.0,731.0,0.6573741007194245
376,AMHR2,20.0,328.5,0.2954136690647482
377,GDF11,21.0,342.5,0.30800359712230213
378,CFC1,2.0,13.0,0.011690647482014389
379,INHBB,20.0,328.5,0.2954136690647482
380,BMP10,16.0,262.5,0.2360611510791367
381,TDGF1,14.0,233.0,0.20953237410071943
382,NOG,65.0,756.5,0.6803057553956835
383,CD55,66.0,763.0,0.6861510791366906
384,IFNGR1,96.0,866.0,0.7787769784172662
385,IL13RA1,69.0,777.0,0.6987410071942446
386,BMPR1A,44.0,586.0,0.5269784172661871
387,BMPR2,60.0,714.0,0.6420863309352518
388,GDF9,17.0,280.5,0.2522482014388489
389,GDF2,27.0,412.5,0.37095323741007197
390,ACVRL1,34.0,488.5,0.4392985611510791
391,AMH,34.0,488.5,0.4392985611510791
392,DLL4,42.0,562.0,0.5053956834532374
393,NOTCH3,63.0,740.5,0.6659172661870504
394,KDR,212.0,1068.0,0.960431654676259
395,CXCL11,119.0,949.0,0.8534172661870504
396,ANGPT2,112.0,922.5,0.8295863309352518
397,HJV,20.0,328.5,0.2954136690647482
398,TEK,102.0,892.0,0.802158273381295
399,BMPER,17.0,280.5,0.2522482014388489
400,CDH5,123.0,961.0,0.8642086330935251
401,ACY1,8.0,124.0,0.11151079136690648
402,HINT1,15.0,247.5,0.22257194244604317
403,SPHK1,35.0,501.0,0.4505395683453237
404,ARG1,110.0,914.0,0.8219424460431655
405,CTSA,18.0,297.5,0.2675359712230216
406,ADAM12,31.0,453.5,0.40782374100719426
407,SFRP1,29.0,439.0,0.3947841726618705
408,HBEGF,116.0,937.0,0.8426258992805755
409,IGFBP5,47.0,622.5,0.5598021582733813
410,CCN4,16.0,262.5,0.2360611510791367
411,ITGA1,61.0,722.0,0.6492805755395683
412,PAPPA,21.0,342.5,0.30800359712230213
413,FGFR1,134.0,983.0,0.8839928057553957
414,PGF,96.0,866.0,0.7787769784172662
415,LAMA1,38.0,532.5,0.47886690647482016
416,ADAM9,25.0,389.0,0.3498201438848921
417,CX3CL1,119.0,949.0,0.8534172661870504
418,FCER2,31.0,453.5,0.40782374100719426
419,IDE,28.0,426.5,0.3835431654676259
420,CXCL16,83.0,830.5,0.7468525179856115
421,ITGB5,52.0,661.5,0.5948741007194245
422,CLEC1B,35.0,501.0,0.4505395683453237
423,GP6,44.0,586.0,0.5269784172661871
424,TEC,9.0,139.0,0.125
425,FGFR2,112.0,922.5,0.8295863309352518
426,SCARB2,145.0,999.5,0.8988309352517986
427,SERPINE2,27.0,412.5,0.37095323741007197
428,CD36,153.0,1011.0,0.9091726618705036
429,JAM2,8.0,124.0,0.11151079136690648
430,COL18A1,97.0,873.0,0.7850719424460432
431,C5,56.0,689.5,0.6200539568345323
432,PRTN3,62.0,731.0,0.6573741007194245
433,CFHR5,31.0,453.5,0.40782374100719426
434,ITGA2B,101.0,888.0,0.7985611510791367
435,CXCL5,118.0,944.0,0.8489208633093526
436,GP1BA,52.0,661.5,0.5948741007194245
437,COL8A1,25.0,389.0,0.3498201438848921
438,PLAUR,98.0,877.5,0.7891187050359713
439,MMP17,9.0,139.0,0.125
440,MDK,36.0,514.5,0.4626798561151079
441,RSPO2,7.0,103.0,0.09262589928057553
442,DDR2,27.0,412.5,0.37095323741007197
443,ADCYAP1,24.0,375.0,0.33723021582733814
444,SCT,21.0,342.5,0.30800359712230213
445,TSHB,17.0,280.5,0.2522482014388489
446,SST,61.0,722.0,0.6492805755395683
447,AGRP,24.0,375.0,0.33723021582733814
448,PRL,117.0,940.0,0.8453237410071942
449,PRKACA,113.0,929.5,0.8358812949640287
450,LEPR,74.0,797.5,0.7171762589928058
451,VIP,35.0,501.0,0.4505395683453237
452,CNTN4,16.0,262.5,0.2360611510791367
453,POMC,94.0,858.0,0.7715827338129496
454,PRKCA,83.0,830.5,0.7468525179856115
455,BDNF,181.0,1038.5,0.9339028776978417
456,FSHB,25.0,389.0,0.3498201438848921
457,CGA,18.0,297.5,0.2675359712230216
458,LHB,14.0,233.0,0.20953237410071943
459,ADGRE2,12.0,195.0,0.17535971223021582
460,ADGRE5,9.0,139.0,0.125
461,LILRB2,64.0,749.5,0.6740107913669064
462,ICOSLG,48.0,630.5,0.5669964028776978
463,CD86,204.0,1060.5,0.9536870503597122
464,TNFRSF1A,179.0,1035.0,0.9307553956834532
465,MIF,71.0,785.0,0.7059352517985612
466,RETN,81.0,822.0,0.7392086330935251
467,SGTA,18.0,297.5,0.2675359712230216
468,HGF,200.0,1056.0,0.9496402877697842
469,NAMPT,43.0,572.0,0.5143884892086331
470,NR3C1,89.0,850.0,0.7643884892086331
471,IGFBP2,45.0,603.0,0.5422661870503597
472,PRKAB2,13.0,214.0,0.19244604316546762
473,HMGCR,58.0,697.5,0.627248201438849
474,FGF19,61.0,722.0,0.6492805755395683
475,FABP5,10.0,159.5,0.14343525179856115
476,MED1,47.0,622.5,0.5598021582733813
477,ANGPTL4,44.0,586.0,0.5269784172661871
478,INSR,95.0,861.0,0.7742805755395683
479,PDGFB,141.0,993.5,0.8934352517985612
480,SELE,135.0,985.5,0.8862410071942446
481,PRKAA1,22.0,356.0,0.32014388489208634
482,PYY,37.0,524.5,0.4716726618705036
483,PRKAA2,17.0,280.5,0.2522482014388489
484,LCN2,118.0,944.0,0.8489208633093526
485,FABP3,18.0,297.5,0.2675359712230216
486,HSPA1B,79.0,813.5,0.7315647482014388
487,IL2RA,141.0,993.5,0.8934352517985612
488,CDK8,20.0,328.5,0.2954136690647482
489,CXCL1,208.0,1062.0,0.9550359712230215
490,PPY,21.0,342.5,0.30800359712230213
491,MRC1,115.0,934.0,0.8399280575539568
492,C4B,70.0,781.5,0.7027877697841727
493,CCNC,16.0,262.5,0.2360611510791367
494,RARRES2,32.0,464.5,0.4177158273381295
495,CFD,33.0,476.5,0.4285071942446043
496,ADSL,20.0,328.5,0.2954136690647482
497,AK1,32.0,464.5,0.4177158273381295
498,PDE11A,14.0,233.0,0.20953237410071943
499,ENTPD3,25.0,389.0,0.3498201438848921
500,TYMS,40.0,548.0,0.49280575539568344
501,IMPDH2,32.0,464.5,0.4177158273381295
502,PDE2A,13.0,214.0,0.19244604316546762
503,IMPDH1,14.0,233.0,0.20953237410071943
504,PDE4D,21.0,342.5,0.30800359712230213
505,PDE3A,13.0,214.0,0.19244604316546762
506,GOT1,21.0,342.5,0.30800359712230213
507,ENTPD1,85.0,838.5,0.7540467625899281
508,CMPK1,18.0,297.5,0.2675359712230216
509,PCNA,36.0,514.5,0.4626798561151079
510,PDE7A,9.0,139.0,0.125
511,GPI,31.0,453.5,0.40782374100719426
512,TK1,27.0,412.5,0.37095323741007197
513,C8B,40.0,548.0,0.49280575539568344
514,ANGPTL3,21.0,342.5,0.30800359712230213
515,C8A,53.0,670.0,0.6025179856115108
516,SERPINA6,22.0,356.0,0.32014388489208634
517,LGALS3,144.0,997.0,0.8965827338129496
518,HMGB1,112.0,922.5,0.8295863309352518
519,S100A9,63.0,740.5,0.6659172661870504
520,MAPKAPK5,12.0,195.0,0.17535971223021582
521,CD200,49.0,639.5,0.575089928057554
522,AGR2,30.0,446.0,0.4010791366906475
523,ERP29,11.0,179.0,0.16097122302158273
524,ATP5F1B,46.0,614.5,0.5526079136690647
525,PPIB,32.0,464.5,0.4177158273381295
526,PDIA3,56.0,689.5,0.6200539568345323
527,P4HB,51.0,653.0,0.5872302158273381
528,NME1,49.0,639.5,0.575089928057554
529,PRDX6,42.0,562.0,0.5053956834532374
530,CTSE,12.0,195.0,0.17535971223021582
531,TACSTD2,13.0,214.0,0.19244604316546762
532,PGK1,67.0,768.5,0.6910971223021583
533,ANXA1,88.0,846.5,0.7612410071942446
534,PPIA,71.0,785.0,0.7059352517985612
535,TFF3,13.0,214.0,0.19244604316546762
536,CNTFR,54.0,675.0,0.6070143884892086
537,PRKAG1,13.0,214.0,0.19244604316546762
538,CNTF,86.0,842.0,0.7571942446043165
539,CPE,10.0,159.5,0.14343525179856115
540,MAPK13,51.0,653.0,0.5872302158273381
541,CTSZ,29.0,439.0,0.3947841726618705
542,LBP,44.0,586.0,0.5269784172661871
543,CCL1,55.0,682.0,0.6133093525179856
544,CCL13,71.0,785.0,0.7059352517985612
545,CXCL6,59.0,706.5,0.635341726618705
546,GFAP,124.0,963.0,0.8660071942446043
547,CAMK1,7.0,103.0,0.09262589928057553
548,CCL21,96.0,866.0,0.7787769784172662
549,CCL27,74.0,797.5,0.7171762589928058
550,PROK1,10.0,159.5,0.14343525179856115
551,CXCL13,118.0,944.0,0.8489208633093526
552,STC1,12.0,195.0,0.17535971223021582
553,CXCL3,77.0,807.0,0.7257194244604317
554,PPBP,98.0,877.5,0.7891187050359713
555,ERAP1,28.0,426.5,0.3835431654676259
556,MAP2K1,115.0,934.0,0.8399280575539568
557,CCL19,119.0,949.0,0.8534172661870504
558,OLR1,44.0,586.0,0.5269784172661871
559,GRK2,26.0,401.0,0.3606115107913669
560,PDE5A,21.0,342.5,0.30800359712230213
561,CCL28,32.0,464.5,0.4177158273381295
562,CAMK1D,6.0,78.5,0.07059352517985612
563,CCL23,51.0,653.0,0.5872302158273381
564,XCL1,70.0,781.5,0.7027877697841727
565,SOD2,83.0,830.5,0.7468525179856115
566,ANGPT1,114.0,932.0,0.8381294964028777
567,CCL16,32.0,464.5,0.4177158273381295
568,CCL4L2,38.0,532.5,0.47886690647482016
569,CCL25,55.0,682.0,0.6133093525179856
570,BTK,99.0,880.5,0.79181654676259
571,CXCL2,112.0,922.5,0.8295863309352518
572,MAP2K4,30.0,446.0,0.4010791366906475
573,ECE1,11.0,179.0,0.16097122302158273
574,FETUB,11.0,179.0,0.16097122302158273
575,IL11RA,55.0,682.0,0.6133093525179856
576,CA10,12.0,195.0,0.17535971223021582
577,HGFAC,21.0,342.5,0.30800359712230213
578,PROS1,29.0,439.0,0.3947841726618705
579,CA9,43.0,572.0,0.5143884892086331
580,GPC3,48.0,630.5,0.5669964028776978
581,GRN,44.0,586.0,0.5269784172661871
582,CTSC,37.0,524.5,0.4716726618705036
583,SKP1,53.0,670.0,0.6025179856115108
584,SOD1,89.0,850.0,0.7643884892086331
585,FCGR2A,128.0,973.0,0.875
586,CLEC7A,72.0,790.0,0.710431654676259
587,CD200R1,43.0,572.0,0.5143884892086331
588,C1QB,59.0,706.5,0.635341726618705
589,NCR3,68.0,772.5,0.6946942446043165
590,FCGR2B,112.0,922.5,0.8295863309352518
591,CD163,150.0,1005.0,0.9037769784172662
592,SLAMF6,46.0,614.5,0.5526079136690647
593,FCGR1A,125.0,966.0,0.8687050359712231
594,C1QC,52.0,661.5,0.5948741007194245
595,IL1R1,120.0,953.5,0.8574640287769785
596,CD48,96.0,866.0,0.7787769784172662
597,LTA,104.0,896.0,0.8057553956834532
598,CST7,24.0,375.0,0.33723021582733814
599,IL34,39.0,539.5,0.4851618705035971
600,CAMK2A,35.0,501.0,0.4505395683453237
601,MSR1,72.0,790.0,0.710431654676259
602,LY86,20.0,328.5,0.2954136690647482
603,AIMP1,20.0,328.5,0.2954136690647482
604,EIF5,14.0,233.0,0.20953237410071943
605,PSMD7,45.0,603.0,0.5422661870503597
606,PSMA2,54.0,675.0,0.6070143884892086
607,FOLH1,30.0,446.0,0.4010791366906475
608,PSMA6,60.0,714.0,0.6420863309352518
609,RPS3,67.0,768.5,0.6910971223021583
610,KPNB1,36.0,514.5,0.4626798561151079
611,PA2G4,42.0,562.0,0.5053956834532374
612,EEF1B2,35.0,501.0,0.4505395683453237
613,EIF4A3,26.0,401.0,0.3606115107913669
614,RAN,46.0,614.5,0.5526079136690647
615,PFDN5,20.0,328.5,0.2954136690647482
616,RPSA,67.0,768.5,0.6910971223021583
617,PSMA1,59.0,706.5,0.635341726618705
618,AIP,12.0,195.0,0.17535971223021582
619,RET,76.0,804.5,0.7234712230215827
620,STIP1,33.0,476.5,0.4285071942446043
621,CKM,9.0,139.0,0.125
622,EIF5A,35.0,501.0,0.4505395683453237
623,METAP2,20.0,328.5,0.2954136690647482
624,METAP1,14.0,233.0,0.20953237410071943
625,SIRT2,35.0,501.0,0.4505395683453237
626,PPA1,22.0,356.0,0.32014388489208634
627,ENTPD5,15.0,247.5,0.22257194244604317
628,AKR1A1,7.0,103.0,0.09262589928057553
629,AKR7A2,4.0,41.0,0.0368705035971223
630,PLA2G2A,31.0,453.5,0.40782374100719426
631,DCTN2,11.0,179.0,0.16097122302158273
632,GZMB,168.0,1027.0,0.9235611510791367
633,CST4,16.0,262.5,0.2360611510791367
634,TG,48.0,630.5,0.5669964028776978
635,TNFRSF10A,40.0,548.0,0.49280575539568344
636,TBP,45.0,603.0,0.5422661870503597
637,JAG1,95.0,861.0,0.7742805755395683
638,CCNB1,75.0,800.5,0.7198741007194245
639,KIF23,32.0,464.5,0.4177158273381295
640,LYZ,49.0,639.5,0.575089928057554
641,PEBP1,50.0,647.5,0.5822841726618705
642,LMNB1,49.0,639.5,0.575089928057554
643,FLT4,84.0,835.0,0.7508992805755396
644,LPO,5.0,58.0,0.052158273381294966
645,BPI,19.0,314.0,0.2823741007194245
646,CD80,192.0,1048.0,0.9424460431654677
647,CD27,118.0,944.0,0.8489208633093526
648,ASGR1,19.0,314.0,0.2823741007194245
649,FCN3,49.0,639.5,0.575089928057554
650,FTH1,34.0,488.5,0.4392985611510791
651,UCHL1,45.0,603.0,0.5422661870503597
652,TMPRSS15,7.0,103.0,0.09262589928057553
653,CA3,12.0,195.0,0.17535971223021582
654,FCN2,45.0,603.0,0.5422661870503597
655,H2AZ1,49.0,639.5,0.575089928057554
656,MSN,44.0,586.0,0.5269784172661871
657,COLEC11,34.0,488.5,0.4392985611510791
658,NTF3,80.0,818.0,0.7356115107913669
659,PLK1,48.0,630.5,0.5669964028776978
660,VEGFC,108.0,908.0,0.8165467625899281
661,PTK2,117.0,940.0,0.8453237410071942
662,ENPP7,5.0,58.0,0.052158273381294966
663,CFL1,72.0,790.0,0.710431654676259
664,FASLG,152.0,1008.5,0.9069244604316546
665,FGF1,120.0,953.5,0.8574640287769785
666,SLC25A18,3.0,25.0,0.022482014388489208
667,L1CAM,50.0,647.5,0.5822841726618705
668,SHH,112.0,922.5,0.8295863309352518
669,CTLA4,191.0,1045.5,0.9401978417266187
670,MET,144.0,997.0,0.8965827338129496
671,LGALS4,28.0,426.5,0.3835431654676259
672,SELL,153.0,1011.0,0.9091726618705036
673,CA7,7.0,103.0,0.09262589928057553
674,CCNA2,72.0,790.0,0.710431654676259
675,CD40LG,180.0,1037.0,0.9325539568345323
676,IL17F,89.0,850.0,0.7643884892086331
677,HSPD1,65.0,756.5,0.6803057553956835
678,CA13,7.0,103.0,0.09262589928057553
679,MSLN,38.0,532.5,0.47886690647482016
680,CA6,12.0,195.0,0.17535971223021582
681,PLA2G10,18.0,297.5,0.2675359712230216
682,FCN1,62.0,731.0,0.6573741007194245
683,AMN,6.0,78.5,0.07059352517985612
684,CA1,16.0,262.5,0.2360611510791367
685,PCSK9,39.0,539.5,0.4851618705035971
686,STAB2,14.0,233.0,0.20953237410071943
687,JAM3,18.0,297.5,0.2675359712230216
688,TGFBI,53.0,670.0,0.6025179856115108
689,IL7R,171.0,1031.0,0.927158273381295
690,PDCD1LG2,97.0,873.0,0.7850719424460432
691,LGALS8,13.0,214.0,0.19244604316546762
692,BST1,13.0,214.0,0.19244604316546762
693,CD109,13.0,214.0,0.19244604316546762
694,OPCML,14.0,233.0,0.20953237410071943
695,CHIT1,24.0,375.0,0.33723021582733814
696,ULBP2,28.0,426.5,0.3835431654676259
697,CNTN5,12.0,195.0,0.17535971223021582
698,LSAMP,5.0,58.0,0.052158273381294966
699,MEPE,17.0,280.5,0.2522482014388489
700,HSD17B1,10.0,159.5,0.14343525179856115
701,WNT7A,25.0,389.0,0.3498201438848921
702,DHH,19.0,314.0,0.2823741007194245
703,GREM1,25.0,389.0,0.3498201438848921
704,NBL1,8.0,124.0,0.11151079136690648
705,UBE2L3,12.0,195.0,0.17535971223021582
706,CDC42BPB,3.0,25.0,0.022482014388489208
707,ANG,34.0,488.5,0.4392985611510791
708,ANGPT4,31.0,453.5,0.40782374100719426
709,PDGFA,112.0,922.5,0.8295863309352518
710,THBS2,73.0,795.0,0.7149280575539568
711,TIE1,47.0,622.5,0.5598021582733813
712,CCL18,79.0,813.5,0.7315647482014388
713,ESM1,22.0,356.0,0.32014388489208634
714,EREG,63.0,740.5,0.6659172661870504
715,PDGFC,44.0,586.0,0.5269784172661871
716,ANP32B,3.0,25.0,0.022482014388489208
717,SET,17.0,280.5,0.2522482014388489
718,CCL22,106.0,903.0,0.8120503597122302
719,LAMC1,38.0,532.5,0.47886690647482016
720,CAPG,5.0,58.0,0.052158273381294966
721,UBE2I,35.0,501.0,0.4505395683453237
722,CLIC1,10.0,159.5,0.14343525179856115
723,DSG1,19.0,314.0,0.2823741007194245
724,SCARF1,19.0,314.0,0.2823741007194245
725,SLPI,36.0,514.5,0.4626798561151079
726,TGM3,8.0,124.0,0.11151079136690648
727,PRKCZ,43.0,572.0,0.5143884892086331
728,HNRNPK,59.0,706.5,0.635341726618705
729,CAPNS1,16.0,262.5,0.2360611510791367
730,STX1A,18.0,297.5,0.2675359712230216
731,FCAR,22.0,356.0,0.32014388489208634
732,CTSH,23.0,365.5,0.32868705035971224
733,RPS27A,149.0,1003.0,0.9019784172661871
734,GSTP1,38.0,532.5,0.47886690647482016
735,GPC5,15.0,247.5,0.22257194244604317
736,GPC2,14.0,233.0,0.20953237410071943
737,MATK,38.0,532.5,0.47886690647482016
738,PLA2G7,27.0,412.5,0.37095323741007197
739,GCKR,6.0,78.5,0.07059352517985612
740,IL6ST,84.0,835.0,0.7508992805755396
741,PLA2G1B,16.0,262.5,0.2360611510791367
742,EPS15L1,12.0,195.0,0.17535971223021582
743,SYNCRIP,29.0,439.0,0.3947841726618705
744,HNRNPAB,18.0,297.5,0.2675359712230216
745,COLEC12,5.0,58.0,0.052158273381294966
746,HDAC8,15.0,247.5,0.22257194244604317
747,FGF12,14.0,233.0,0.20953237410071943
748,C2,35.0,501.0,0.4505395683453237
749,UNC5C,14.0,233.0,0.20953237410071943
750,SPON1,5.0,58.0,0.052158273381294966
751,RTN4R,17.0,280.5,0.2522482014388489
752,HSD17B10,5.0,58.0,0.052158273381294966
753,GSK3A,41.0,555.0,0.49910071942446044
754,PPIF,33.0,476.5,0.4285071942446043
755,KLK12,5.0,58.0,0.052158273381294966
756,CHL1,11.0,179.0,0.16097122302158273
757,NOTCH2,54.0,675.0,0.6070143884892086
758,HTRA2,44.0,586.0,0.5269784172661871
759,SORCS2,7.0,103.0,0.09262589928057553
760,XPNPEP1,5.0,58.0,0.052158273381294966
761,HNRNPA2B1,47.0,622.5,0.5598021582733813
762,LRRTM3,5.0,58.0,0.052158273381294966
763,IGHD,16.0,262.5,0.2360611510791367
764,NRCAM,25.0,389.0,0.3498201438848921
765,KLK14,14.0,233.0,0.20953237410071943
766,KLK8,14.0,233.0,0.20953237410071943
767,NRXN1,38.0,532.5,0.47886690647482016
768,CAPN1,24.0,375.0,0.33723021582733814
769,HMOX2,6.0,78.5,0.07059352517985612
770,RTN4,16.0,262.5,0.2360611510791367
771,PPID,26.0,401.0,0.3606115107913669
772,CNTN1,15.0,247.5,0.22257194244604317
773,CNTN2,27.0,412.5,0.37095323741007197
774,KLK6,7.0,103.0,0.09262589928057553
775,TNFRSF21,25.0,389.0,0.3498201438848921
776,CSK,61.0,722.0,0.6492805755395683
777,IL1RL1,41.0,555.0,0.49910071942446044
778,NAPA,14.0,233.0,0.20953237410071943
779,IL22RA1,58.0,697.5,0.627248201438849
780,IL17RB,36.0,514.5,0.4626798561151079
781,CGB5,6.0,78.5,0.07059352517985612
782,IL16,72.0,790.0,0.710431654676259
783,ICOS,110.0,914.0,0.8219424460431655
784,IL17RA,72.0,790.0,0.710431654676259
785,TSLP,105.0,899.0,0.8084532374100719
786,PGLYRP1,24.0,375.0,0.33723021582733814
787,LAG3,97.0,873.0,0.7850719424460432
788,CCL17,96.0,866.0,0.7787769784172662
789,KLRK1,112.0,922.5,0.8295863309352518
790,HAVCR2,120.0,953.5,0.8574640287769785
791,CCL24,66.0,763.0,0.6861510791366906
792,IL4R,110.0,914.0,0.8219424460431655
793,ARID3A,2.0,13.0,0.011690647482014389
794,ARPP19,4.0,41.0,0.0368705035971223
795,SNRPF,19.0,314.0,0.2823741007194245
796,DCTPP1,8.0,124.0,0.11151079136690648
797,ARSA,6.0,78.5,0.07059352517985612
798,GNS,11.0,179.0,0.16097122302158273
799,IDS,6.0,78.5,0.07059352517985612
800,IDUA,10.0,159.5,0.14343525179856115
801,ARSB,7.0,103.0,0.09262589928057553
802,CHST15,6.0,78.5,0.07059352517985612
803,ARTN,25.0,389.0,0.3498201438848921
804,PSPN,24.0,375.0,0.33723021582733814
805,GFRA3,24.0,375.0,0.33723021582733814
806,GFRA1,36.0,514.5,0.4626798561151079
807,CDNF,7.0,103.0,0.09262589928057553
808,NTF4,45.0,603.0,0.5422661870503597
809,GFRA2,27.0,412.5,0.37095323741007197
810,ASAH2,3.0,25.0,0.022482014388489208
811,SPHK2,13.0,214.0,0.19244604316546762
812,PSME1,39.0,539.5,0.4851618705035971
813,PGAM1,27.0,412.5,0.37095323741007197
814,AURKB,52.0,661.5,0.5948741007194245
815,TPT1,28.0,426.5,0.3835431654676259
816,PRDX5,22.0,356.0,0.32014388489208634
817,BIRC5,49.0,639.5,0.575089928057554
818,DNAJC19,4.0,41.0,0.0368705035971223
819,CSNK2A1,46.0,614.5,0.5526079136690647
820,PAFAH1B2,8.0,124.0,0.11151079136690648
821,PAK5,12.0,195.0,0.17535971223021582
822,PSME3,44.0,586.0,0.5269784172661871
823,EHMT2,18.0,297.5,0.2675359712230216
824,MAPK9,52.0,661.5,0.5948741007194245
825,DBNL,10.0,159.5,0.14343525179856115
826,CKAP2,14.0,233.0,0.20953237410071943
827,BIRC7,17.0,280.5,0.2522482014388489
828,UBE2N,42.0,562.0,0.5053956834532374
829,KPNA2,36.0,514.5,0.4626798561151079
830,CBX5,13.0,214.0,0.19244604316546762
831,SSRP1,19.0,314.0,0.2823741007194245
832,FRZB,20.0,328.5,0.2954136690647482
833,PTN,42.0,562.0,0.5053956834532374
834,EBI3,13.0,214.0,0.19244604316546762
835,ULBP1,27.0,412.5,0.37095323741007197
836,MICB,40.0,548.0,0.49280575539568344
837,IL27RA,60.0,714.0,0.6420863309352518
838,ZAP70,97.0,873.0,0.7850719424460432
839,GZMA,85.0,838.5,0.7540467625899281
840,LILRB1,47.0,622.5,0.5598021582733813
841,KIR3DL2,19.0,314.0,0.2823741007194245
842,KIR2DL4,19.0,314.0,0.2823741007194245
843,TNFRSF14,65.0,756.5,0.6803057553956835
844,ULBP3,24.0,375.0,0.33723021582733814
845,NCR2,55.0,682.0,0.6133093525179856
846,FTL,15.0,247.5,0.22257194244604317
847,MICA,10.0,159.5,0.14343525179856115
848,DKK3,21.0,342.5,0.30800359712230213
849,YES1,52.0,661.5,0.5948741007194245
850,BCAM,1.0,5.0,0.0044964028776978415
851,SPOCK1,13.0,214.0,0.19244604316546762
852,BCAR3,6.0,78.5,0.07059352517985612
853,TAB1,39.0,539.5,0.4851618705035971
854,LTBR,56.0,689.5,0.6200539568345323
855,PPP3R1,25.0,389.0,0.3498201438848921
856,DNAJB1,35.0,501.0,0.4505395683453237
857,MAP2K2,60.0,714.0,0.6420863309352518
858,C6,24.0,375.0,0.33723021582733814
859,TNFRSF8,79.0,813.5,0.7315647482014388
860,BCL2A1,40.0,548.0,0.49280575539568344
861,CASP10,17.0,280.5,0.2522482014388489
862,TNFRSF13C,49.0,639.5,0.575089928057554
863,CASP2,33.0,476.5,0.4285071942446043
864,CD300C,18.0,297.5,0.2675359712230216
865,CADM1,46.0,614.5,0.5526079136690647
866,C8G,32.0,464.5,0.4177158273381295
867,IL2RG,101.0,888.0,0.7985611510791367
868,TNFRSF25,59.0,706.5,0.635341726618705
869,TNFRSF4,94.0,858.0,0.7715827338129496
870,RPS6KA3,25.0,389.0,0.3498201438848921
871,CHEK2,43.0,572.0,0.5143884892086331
872,IL24,62.0,731.0,0.6573741007194245
873,DYNLL1,27.0,412.5,0.37095323741007197
874,LIFR,64.0,749.5,0.6740107913669064
875,DAPK2,10.0,159.5,0.14343525179856115
876,TNFRSF9,106.0,903.0,0.8120503597122302
877,PIK3CG,69.0,777.0,0.6987410071942446
878,DIABLO-2,29.0,439.0,0.3947841726618705
879,HAT1,6.0,78.5,0.07059352517985612
880,IL11,113.0,929.5,0.8358812949640287
881,KIRREL3,7.0,103.0,0.09262589928057553
882,PDPK1,42.0,562.0,0.5053956834532374
883,EFNB3,33.0,476.5,0.4285071942446043
884,CA4,15.0,247.5,0.22257194244604317
885,CDK5R1,18.0,297.5,0.2675359712230216
886,NTN4,8.0,124.0,0.11151079136690648
887,TNFRSF1B,101.0,888.0,0.7985611510791367
888,DDC,9.0,139.0,0.125
889,NRXN3,15.0,247.5,0.22257194244604317
890,NID2,17.0,280.5,0.2522482014388489
891,IGFBP7,33.0,476.5,0.4285071942446043
892,MRC2,10.0,159.5,0.14343525179856115
893,DPT,7.0,103.0,0.09262589928057553
894,ECM1,29.0,439.0,0.3947841726618705
895,TNFSF14,52.0,661.5,0.5948741007194245
896,TNFSF12,59.0,706.5,0.635341726618705
897,LTB,52.0,661.5,0.5948741007194245
898,TNFRSF12A,44.0,586.0,0.5269784172661871
899,MAP3K7,50.0,647.5,0.5822841726618705
900,CD226,66.0,763.0,0.6861510791366906
901,PTK6,24.0,375.0,0.33723021582733814
902,PIM1,9.0,139.0,0.125
903,WFIKKN1,7.0,103.0,0.09262589928057553
904,RGMB,8.0,124.0,0.11151079136690648
905,CCL15,40.0,548.0,0.49280575539568344
906,CHRDL1,5.0,58.0,0.052158273381294966
907,RGMA,6.0,78.5,0.07059352517985612
908,IL10RB,66.0,763.0,0.6861510791366906
909,BMX,10.0,159.5,0.14343525179856115
910,GAS1,13.0,214.0,0.19244604316546762
911,OLFM4,18.0,297.5,0.2675359712230216
912,CRISP3,10.0,159.5,0.14343525179856115
913,BRF1,3.0,25.0,0.022482014388489208
914,TNFRSF13B,36.0,514.5,0.4626798561151079
915,PRKCQ,33.0,476.5,0.4285071942446043
916,SH2D1A,44.0,586.0,0.5269784172661871
917,IL18RAP,36.0,514.5,0.4626798561151079
918,CCL8,67.0,768.5,0.6910971223021583
919,IL18R1,62.0,731.0,0.6573741007194245
920,COL23A1,7.0,103.0,0.09262589928057553
921,PRKCI,17.0,280.5,0.2522482014388489
922,EPB41,14.0,233.0,0.20953237410071943
923,CNDP2,10.0,159.5,0.14343525179856115
924,IL1RL2,21.0,342.5,0.30800359712230213
925,CST1,7.0,103.0,0.09262589928057553
926,DKK4,18.0,297.5,0.2675359712230216
927,PDK1,16.0,262.5,0.2360611510791367
928,CRTAM,17.0,280.5,0.2522482014388489
929,NLGN4X,15.0,247.5,0.22257194244604317
930,CADM3,6.0,78.5,0.07059352517985612
931,LGMN,29.0,439.0,0.3947841726618705
932,TPM2,16.0,262.5,0.2360611510791367
933,CAMKK1,8.0,124.0,0.11151079136690648
934,GDI2,7.0,103.0,0.09262589928057553
935,CAMK2B,22.0,356.0,0.32014388489208634
936,CAMK2D,16.0,262.5,0.2360611510791367
937,PRKAB1,12.0,195.0,0.17535971223021582
938,KLK5,13.0,214.0,0.19244604316546762
939,CAST,10.0,159.5,0.14343525179856115
940,SPTAN1,26.0,401.0,0.3606115107913669
941,DSG2,23.0,365.5,0.32868705035971224
942,PRKCG,29.0,439.0,0.3947841726618705
943,IGFBP4,26.0,401.0,0.3606115107913669
944,ETHE1,1.0,5.0,0.0044964028776978415
945,CCL3L1,48.0,630.5,0.5669964028776978
946,NMT1,6.0,78.5,0.07059352517985612
947,IL12RB1,87.0,844.5,0.7594424460431655
948,TPM1,25.0,389.0,0.3498201438848921
949,CAT,10.0,159.5,0.14343525179856115
950,KYNU,10.0,159.5,0.14343525179856115
951,CCDC80,7.0,103.0,0.09262589928057553
952,CLEC11A,31.0,453.5,0.40782374100719426
953,IL17B,28.0,426.5,0.3835431654676259
954,IL19,65.0,756.5,0.6803057553956835
955,IL5RA,73.0,795.0,0.7149280575539568
956,IL25,34.0,488.5,0.4392985611510791
957,CCL14,20.0,328.5,0.2954136690647482
958,CCL7,80.0,818.0,0.7356115107913669
959,TNFRSF18,60.0,714.0,0.6420863309352518
960,TNFSF4,68.0,772.5,0.6946942446043165
961,TNFSF8,46.0,614.5,0.5526079136690647
962,LTA4H,12.0,195.0,0.17535971223021582
963,IL12B,61.0,722.0,0.6492805755395683
964,NAAA,4.0,41.0,0.0368705035971223
965,IL12A,59.0,706.5,0.635341726618705
966,SEMA3E,11.0,179.0,0.16097122302158273
967,NCR1,82.0,826.0,0.7428057553956835
968,IL37,32.0,464.5,0.4177158273381295
969,IL1RAP,24.0,375.0,0.33723021582733814
970,IL23A,81.0,822.0,0.7392086330935251
971,PI3,35.0,501.0,0.4505395683453237
972,IL17RC,33.0,476.5,0.4285071942446043
973,IL17D,45.0,603.0,0.5422661870503597
974,IL23R,81.0,822.0,0.7392086330935251
975,TNFSF18,45.0,603.0,0.5422661870503597
976,TNFSF15,45.0,603.0,0.5422661870503597
977,SCGB2A1,5.0,58.0,0.052158273381294966
978,TNFSF9,59.0,706.5,0.635341726618705
979,COTL1,3.0,25.0,0.022482014388489208
980,GNLY,51.0,653.0,0.5872302158273381
981,IFNL2,58.0,697.5,0.627248201438849
982,CNDP1,3.0,25.0,0.022482014388489208
983,SLAMF7,44.0,586.0,0.5269784172661871
984,IL15RA,45.0,603.0,0.5422661870503597
985,RPS6KA5,14.0,233.0,0.20953237410071943
986,CCN3,9.0,139.0,0.125
987,WIF1,18.0,297.5,0.2675359712230216
988,CSNK2A2,29.0,439.0,0.3947841726618705
989,STK16,3.0,25.0,0.022482014388489208
990,CD84,20.0,328.5,0.2954136690647482
991,SIGLEC7,33.0,476.5,0.4285071942446043
992,SIGLEC9,25.0,389.0,0.3498201438848921
993,TNFRSF17,37.0,524.5,0.4716726618705036
994,CD70,64.0,749.5,0.6740107913669064
995,TYRO3,23.0,365.5,0.32868705035971224
996,ICAM2,36.0,514.5,0.4626798561151079
997,SIGLEC6,4.0,41.0,0.0368705035971223
998,LY9,19.0,314.0,0.2823741007194245
999,RPS7,33.0,476.5,0.4285071942446043
1000,KLRF1,33.0,476.5,0.4285071942446043
1001,EDAR,13.0,214.0,0.19244604316546762
1002,JAML,10.0,159.5,0.14343525179856115
1003,FCRL3,13.0,214.0,0.19244604316546762
1004,PCSK7,11.0,179.0,0.16097122302158273
1005,SIGLEC14,3.0,25.0,0.022482014388489208
1006,DLL1,26.0,401.0,0.3606115107913669
1007,IL22RA2,42.0,562.0,0.5053956834532374
1008,IL20RA,44.0,586.0,0.5269784172661871
1009,IL27,26.0,401.0,0.3606115107913669
1010,IL12RB2,69.0,777.0,0.6987410071942446
1011,TNFRSF6B,22.0,356.0,0.32014388489208634
1012,ICAM5,4.0,41.0,0.0368705035971223
1013,PRSS22,1.0,5.0,0.0044964028776978415
1014,PRSS27,2.0,13.0,0.011690647482014389
1015,PAK3,25.0,389.0,0.3498201438848921
1016,FER,10.0,159.5,0.14343525179856115
1017,CSNK2B,19.0,314.0,0.2823741007194245
1018,SPINT2,13.0,214.0,0.19244604316546762
1019,LRIG3,9.0,139.0,0.125
1020,DSC3,9.0,139.0,0.125
1021,SPINT1,11.0,179.0,0.16097122302158273
1022,PAK6,21.0,342.5,0.30800359712230213
1023,CDH6,7.0,103.0,0.09262589928057553
1024,CDH12,6.0,78.5,0.07059352517985612
1025,KLK7,9.0,139.0,0.125
1026,CDH3,16.0,262.5,0.2360611510791367
1027,ROBO3,16.0,262.5,0.2360611510791367
1028,ESAM,22.0,356.0,0.32014388489208634
1029,EIF4G2,11.0,179.0,0.16097122302158273
1030,JAG2,17.0,280.5,0.2522482014388489
1031,H1-2,19.0,314.0,0.2823741007194245
1032,PDXP,4.0,41.0,0.0368705035971223
1033,NAGK,4.0,41.0,0.0368705035971223
1034,HS6ST1,10.0,159.5,0.14343525179856115
1035,TNNI2,6.0,78.5,0.07059352517985612
1036,CLCF1,12.0,195.0,0.17535971223021582
1037,CTF1,43.0,572.0,0.5143884892086331
1038,CRLF1,14.0,233.0,0.20953237410071943
1039,EFNA4,37.0,524.5,0.4716726618705036
1040,MATN2,6.0,78.5,0.07059352517985612
1041,TPSB2,1.0,5.0,0.0044964028776978415
1042,DKKL1,7.0,103.0,0.09262589928057553
1043,PRLR,44.0,586.0,0.5269784172661871
1044,IL20,33.0,476.5,0.4285071942446043
1045,LRRTM1,6.0,78.5,0.07059352517985612
1046,NXPH1,6.0,78.5,0.07059352517985612
1047,LAMB1,29.0,439.0,0.3947841726618705
1048,COMMD7,1.0,5.0,0.0044964028776978415
1049,HPGD,6.0,78.5,0.07059352517985612
1050,CPNE1,2.0,13.0,0.011690647482014389
1051,KAT6A,10.0,159.5,0.14343525179856115
1052,NSFL1C,6.0,78.5,0.07059352517985612
1053,IL17RD,35.0,501.0,0.4505395683453237
1054,PES1,9.0,139.0,0.125
1055,ING1,8.0,124.0,0.11151079136690648
1056,MBD4,2.0,13.0,0.011690647482014389
1057,CST2,5.0,58.0,0.052158273381294966
1058,CST5,3.0,25.0,0.022482014388489208
1059,CST6,7.0,103.0,0.09262589928057553
1060,LAYN,5.0,58.0,0.052158273381294966
1061,DPP7,7.0,103.0,0.09262589928057553
1062,IL18BP,27.0,412.5,0.37095323741007197
1063,FAP,18.0,297.5,0.2675359712230216
1064,POR,7.0,103.0,0.09262589928057553
1065,GSTA3,4.0,41.0,0.0368705035971223
1066,PLA2G5,10.0,159.5,0.14343525179856115
1067,PLA2G2E,10.0,159.5,0.14343525179856115
1068,ROR1,3.0,25.0,0.022482014388489208
1069,DYNLRB1,5.0,58.0,0.052158273381294966
1070,MDFI,3.0,25.0,0.022482014388489208
1071,KREMEN2,3.0,25.0,0.022482014388489208
1072,TNFRSF19,10.0,159.5,0.14343525179856115
1073,EDA,11.0,179.0,0.16097122302158273
1074,PPIE,7.0,103.0,0.09262589928057553
1075,SLITRK5,10.0,159.5,0.14343525179856115
1076,SNX4,9.0,139.0,0.125
1077,NUDCD3,4.0,41.0,0.0368705035971223
1078,EDA2R,10.0,159.5,0.14343525179856115
1079,NACA,12.0,195.0,0.17535971223021582
1080,EPHA10,12.0,195.0,0.17535971223021582
1081,UNC5D,12.0,195.0,0.17535971223021582
1082,VTA1,5.0,58.0,0.052158273381294966
1083,MST1,7.0,103.0,0.09262589928057553
1084,MST1R,19.0,314.0,0.2823741007194245
1085,RBM39,22.0,356.0,0.32014388489208634
1086,SBDS,8.0,124.0,0.11151079136690648
1087,PDE9A,7.0,103.0,0.09262589928057553
1088,FUT3,7.0,103.0,0.09262589928057553
1089,SEMA6A,11.0,179.0,0.16097122302158273
1090,TXNDC12,7.0,103.0,0.09262589928057553
1091,LCORL,2.0,13.0,0.011690647482014389
1092,FAM107A,3.0,25.0,0.022482014388489208
1093,FAM107B,1.0,5.0,0.0044964028776978415
1094,RELT,8.0,124.0,0.11151079136690648
1095,SEZ6L2,1.0,5.0,0.0044964028776978415
1096,FLRT1,17.0,280.5,0.2522482014388489
1097,SPOCK2,8.0,124.0,0.11151079136690648
1098,WFIKKN2,4.0,41.0,0.0368705035971223
1099,FUT5,4.0,41.0,0.0368705035971223
1100,PLXNC1,6.0,78.5,0.07059352517985612
1101,MAPKAPK3,16.0,262.5,0.2360611510791367
1102,NR1D1,8.0,124.0,0.11151079136690648
1103,HDGFL2,1.0,5.0,0.0044964028776978415
1104,HIPK3,3.0,25.0,0.022482014388489208
1105,IGFBP6,17.0,280.5,0.2522482014388489
1106,IL1RAPL2,6.0,78.5,0.07059352517985612
1107,LGALS2,3.0,25.0,0.022482014388489208
1108,LIN7B,5.0,58.0,0.052158273381294966
1109,UFC1,2.0,13.0,0.011690647482014389
1110,UFM1,4.0,41.0,0.0368705035971223
1111,SCARF2,1.0,5.0,0.0044964028776978415
